sensor,provider_asset_type,gsd,capture_date,off_nadir_angle,pan_resolution,sun_azimuth,sun_elevation,target_azimuth,disaster,disaster_type,catalog_id,original_width,original_height,width,height,id,img_name,centroid_x,centroid_y,latlong,path,destroyed,major-damage,un-classified,minor-damage,no-damage
WORLDVIEW02,WORLDVIEW02,2.35255861282349,2011-05-29T17:29:25.433Z,28.4302768707275,0.585882604122162,143.603851318359,71.8531799316406,193.251083374023,joplin-tornado,wind,103001000A285500,1024,1024,1024,1024,MjY0NDI3NQ.2rmCkRew6SY3PlvQ1XtXERXiTDY,joplin-tornado_00000147_post_disaster.png,-94.51187062851336,37.06352196892192,POINT (-94.51187062851336 37.06352196892192),../input/xview2-challenge-dataset-tier-3-data/tier3/labels/joplin-tornado_00000147_post_disaster.json,355.0,20.0,5.466666666666667,4.0,1.0
WORLDVIEW02,WORLDVIEW02,2.35255861282349,2011-05-29T17:29:25.433Z,28.4302768707275,0.585882604122162,143.603851318359,71.8531799316406,193.251083374023,joplin-tornado,wind,103001000A285500,1024,1024,1024,1024,MjY0NDI2OQ.pM1AEm_w0J_fEjG6FE7L1eoBJYY,joplin-tornado_00000144_post_disaster.png,-94.52745672552554,37.06377853590692,POINT (-94.52745672552554 37.06377853590692),../input/xview2-challenge-dataset-tier-3-data/tier3/labels/joplin-tornado_00000144_post_disaster.json,172.0,69.0,2.0,33.0,60.925925925925924
WORLDVIEW02,WORLDVIEW02,2.35255861282349,2011-05-29T17:29:25.433Z,28.4302768707275,0.585882604122162,143.603851318359,71.8531799316406,193.251083374023,joplin-tornado,wind,103001000A285500,1024,1024,1024,1024,MjY0NDI3Mw.lXLk4OJWEoSEbBIbcW4yNACVb1o,joplin-tornado_00000146_post_disaster.png,-94.51676236552973,37.0635839579253,POINT (-94.51676236552973 37.0635839579253),../input/xview2-challenge-dataset-tier-3-data/tier3/labels/joplin-tornado_00000146_post_disaster.json,163.0,25.0,5.466666666666667,5.0,60.925925925925924
WORLDVIEW02,WORLDVIEW02,2.35255861282349,2011-05-29T17:29:25.433Z,28.4302768707275,0.585882604122162,143.603851318359,71.8531799316406,193.251083374023,joplin-tornado,wind,103001000A285500,1024,1024,1024,1024,MjY0NDIzNg.KYUkA3ga-D5tU1VX1fFwaKMSgcU,joplin-tornado_00000127_post_disaster.png,-94.49124091126124,37.06800524308189,POINT (-94.49124091126124 37.06800524308189),../input/xview2-challenge-dataset-tier-3-data/tier3/labels/joplin-tornado_00000127_post_disaster.json,163.0,15.0,1.0,5.0,2.0
WORLDVIEW02,WORLDVIEW02,2.35255861282349,2011-05-29T17:29:25.433Z,28.4302768707275,0.585882604122162,143.603851318359,71.8531799316406,193.251083374023,joplin-tornado,wind,103001000A285500,1024,1024,1024,1024,MjY0NDI3MQ.gFRHCDs-Llob36W4a2GY9QxB6zQ,joplin-tornado_00000145_post_disaster.png,-94.52213207158087,37.06362027987384,POINT (-94.52213207158087 37.06362027987384),../input/xview2-challenge-dataset-tier-3-data/tier3/labels/joplin-tornado_00000145_post_disaster.json,163.0,15.0,5.466666666666667,20.67924528301887,60.925925925925924
WORLDVIEW02,WORLDVIEW02,2.35255861282349,2011-05-29T17:29:25.433Z,28.4302768707275,0.585882604122162,143.603851318359,71.8531799316406,193.251083374023,joplin-tornado,wind,103001000A285500,1024,1024,1024,1024,MjY0NDIyMQ.9yPTGT2sHP8mxiFQ6ur-JJSSKv0,joplin-tornado_00000120_post_disaster.png,-94.5118794544891,37.06773456904682,POINT (-94.5118794544891 37.06773456904682),../input/xview2-challenge-dataset-tier-3-data/tier3/labels/joplin-tornado_00000120_post_disaster.json,142.0,74.0,19.0,82.0,34.0
WORLDVIEW02,WORLDVIEW02,2.35255861282349,2011-05-29T17:29:25.433Z,28.4302768707275,0.585882604122162,143.603851318359,71.8531799316406,193.251083374023,joplin-tornado,wind,103001000A285500,1024,1024,1024,1024,MjY0NDIyNw.ldZ1zEXGuyNHfIKQmGaYZsLAkV0,joplin-tornado_00000123_post_disaster.png,-94.50147460438147,37.06764638719891,POINT (-94.50147460438147 37.06764638719891),../input/xview2-challenge-dataset-tier-3-data/tier3/labels/joplin-tornado_00000123_post_disaster.json,119.0,4.0,5.466666666666667,20.67924528301887,60.925925925925924
WORLDVIEW02,WORLDVIEW02,2.35255861282349,2011-05-29T17:29:25.433Z,28.4302768707275,0.585882604122162,143.603851318359,71.8531799316406,193.251083374023,joplin-tornado,wind,103001000A285500,1024,1024,1024,1024,MjY0Mzk4Mg.vo5dFUhTfoVWnKNLRID8rEkx0A0,joplin-tornado_00000000_post_disaster.png,-94.50681594487541,37.06327890189636,POINT (-94.50681594487541 37.06327890189636),../input/xview2-challenge-dataset-tier-3-data/tier3/labels/joplin-tornado_00000000_post_disaster.json,102.0,27.0,7.0,43.0,6.0
WORLDVIEW02,WORLDVIEW02,2.35255861282349,2011-05-29T17:29:25.433Z,28.4302768707275,0.585882604122162,143.603851318359,71.8531799316406,193.251083374023,joplin-tornado,wind,103001000A285500,1024,1024,1024,1024,MjY0NDI0MA.Y7k2_Rb5jp92wrDRaSE9ediR1bI,joplin-tornado_00000129_post_disaster.png,-94.48602616885672,37.0676981943927,POINT (-94.48602616885672 37.0676981943927),../input/xview2-challenge-dataset-tier-3-data/tier3/labels/joplin-tornado_00000129_post_disaster.json,100.0,21.0,5.0,17.0,6.0
WORLDVIEW02,WORLDVIEW02,2.35255861282349,2011-05-29T17:29:25.433Z,28.4302768707275,0.585882604122162,143.603851318359,71.8531799316406,193.251083374023,joplin-tornado,wind,103001000A285500,1024,1024,1024,1024,MjY0NDE1Mw.-F1H-tIya_DQckKhK8gRqLrcXeQ,joplin-tornado_00000086_post_disaster.png,-94.49619918524382,37.07185915378701,POINT (-94.49619918524382 37.07185915378701),../input/xview2-challenge-dataset-tier-3-data/tier3/labels/joplin-tornado_00000086_post_disaster.json,95.0,4.0,4.0,23.0,2.0
WORLDVIEW02,WORLDVIEW02,2.35255861282349,2011-05-29T17:29:25.433Z,28.4302768707275,0.585882604122162,143.603851318359,71.8531799316406,193.251083374023,joplin-tornado,wind,103001000A285500,1024,1024,1024,1024,MjY0NDAxMw.3qMCzxn_gGP4bu0qwqc3E4KCOVY,joplin-tornado_00000016_post_disaster.png,-94.54337998605651,37.05900748668154,POINT (-94.54337998605651 37.05900748668154),../input/xview2-challenge-dataset-tier-3-data/tier3/labels/joplin-tornado_00000016_post_disaster.json,94.0,25.0,5.466666666666667,30.0,10.0
WORLDVIEW02,WORLDVIEW02,2.35255861282349,2011-05-29T17:29:25.433Z,28.4302768707275,0.585882604122162,143.603851318359,71.8531799316406,193.251083374023,joplin-tornado,wind,103001000A285500,1024,1024,1024,1024,MjY0NDE1MA.yNQ1eYYavaP5jZGgRtvZw5qlrUY,joplin-tornado_00000084_post_disaster.png,-94.48032258654547,37.071123812363275,POINT (-94.48032258654547 37.07112381236328),../input/xview2-challenge-dataset-tier-3-data/tier3/labels/joplin-tornado_00000084_post_disaster.json,85.0,27.0,13.0,6.0,2.0
WORLDVIEW02,WORLDVIEW02,2.35255861282349,2011-05-29T17:29:25.433Z,28.4302768707275,0.585882604122162,143.603851318359,71.8531799316406,193.251083374023,joplin-tornado,wind,103001000A285500,1024,1024,1024,1024,MjY0NDI2Mw.Ly3bm6E7uZce0H2AJIB1_lJCiBg,joplin-tornado_00000141_post_disaster.png,-94.5428203474634,37.06315838712644,POINT (-94.5428203474634 37.06315838712644),../input/xview2-challenge-dataset-tier-3-data/tier3/labels/joplin-tornado_00000141_post_disaster.json,80.0,16.0,1.0,24.0,20.0
WORLDVIEW02,WORLDVIEW02,2.35255861282349,2011-05-29T17:29:25.433Z,28.4302768707275,0.585882604122162,143.603851318359,71.8531799316406,193.251083374023,joplin-tornado,wind,103001000A285500,1024,1024,1024,1024,MjY0NDI2NQ.nD-q7ubvdAClojxAJrsVOeX_sq4,joplin-tornado_00000142_post_disaster.png,-94.53752321004731,37.06320852349488,POINT (-94.53752321004731 37.06320852349488),../input/xview2-challenge-dataset-tier-3-data/tier3/labels/joplin-tornado_00000142_post_disaster.json,78.0,14.0,2.0,35.0,11.0
WORLDVIEW02,WORLDVIEW02,2.35255861282349,2011-05-29T17:29:25.433Z,28.4302768707275,0.585882604122162,143.603851318359,71.8531799316406,193.251083374023,joplin-tornado,wind,103001000A285500,1024,1024,1024,1024,MjY0NDE2MA.3D455RKDFE7p97xtsAslUgARiPw,joplin-tornado_00000089_post_disaster.png,-94.49176222716952,37.07198661676848,POINT (-94.49176222716952 37.07198661676848),../input/xview2-challenge-dataset-tier-3-data/tier3/labels/joplin-tornado_00000089_post_disaster.json,69.0,28.0,1.0,21.0,1.0
WORLDVIEW02,WORLDVIEW02,2.35255861282349,2011-05-29T17:29:25.433Z,28.4302768707275,0.585882604122162,143.603851318359,71.8531799316406,193.251083374023,joplin-tornado,wind,103001000A285500,1024,1024,1024,1024,MjY0Mzk4NA.ozk_gKu7JSNkIMTSpxNK_AJNYuo,joplin-tornado_00000001_post_disaster.png,-94.50147216562559,37.06367287279999,POINT (-94.50147216562559 37.06367287279999),../input/xview2-challenge-dataset-tier-3-data/tier3/labels/joplin-tornado_00000001_post_disaster.json,69.0,27.0,8.0,73.0,21.0
WORLDVIEW02,WORLDVIEW02,2.35255861282349,2011-05-29T17:29:25.433Z,28.4302768707275,0.585882604122162,143.603851318359,71.8531799316406,193.251083374023,joplin-tornado,wind,103001000A285500,1024,1024,1024,1024,MjY0NDE1OA.i5pOjfVhAEx3dcB4qkY2csnkiSg,joplin-tornado_00000088_post_disaster.png,-94.46603012940426,37.07106895761289,POINT (-94.46603012940426 37.07106895761289),../input/xview2-challenge-dataset-tier-3-data/tier3/labels/joplin-tornado_00000088_post_disaster.json,65.0,4.0,7.0,8.0,11.0
WORLDVIEW02,WORLDVIEW02,2.35255861282349,2011-05-29T17:29:25.433Z,28.4302768707275,0.585882604122162,143.603851318359,71.8531799316406,193.251083374023,joplin-tornado,wind,103001000A285500,1024,1024,1024,1024,MjY0NDIzMQ.big1GkURd5hmxZYOd8_73ZYnoLA,joplin-tornado_00000125_post_disaster.png,-94.4960436094136,37.068024286291866,POINT (-94.4960436094136 37.06802428629187),../input/xview2-challenge-dataset-tier-3-data/tier3/labels/joplin-tornado_00000125_post_disaster.json,65.0,15.0,1.0,3.0,1.0
WORLDVIEW02,WORLDVIEW02,2.35255861282349,2011-05-29T17:29:25.433Z,28.4302768707275,0.585882604122162,143.603851318359,71.8531799316406,193.251083374023,joplin-tornado,wind,103001000A285500,1024,1024,1024,1024,MjY0NDA2Nw.gQr4XksrEe-skxwHhgjhJcfOZqs,joplin-tornado_00000043_post_disaster.png,-94.48072615537544,37.06682951031053,POINT (-94.48072615537544 37.06682951031053),../input/xview2-challenge-dataset-tier-3-data/tier3/labels/joplin-tornado_00000043_post_disaster.json,62.0,25.0,7.0,30.0,15.0
WORLDVIEW02,WORLDVIEW02,2.35255861282349,2011-05-29T17:29:25.433Z,28.4302768707275,0.585882604122162,143.603851318359,71.8531799316406,193.251083374023,joplin-tornado,wind,103001000A285500,1024,1024,1024,1024,MjY0NDIxOQ.-3BBHsaIPxOyf8W1iENlVGgriLo,joplin-tornado_00000119_post_disaster.png,-94.44465857067506,37.06374418638729,POINT (-94.44465857067506 37.06374418638729),../input/xview2-challenge-dataset-tier-3-data/tier3/labels/joplin-tornado_00000119_post_disaster.json,59.0,6.0,12.0,3.0,60.925925925925924
WORLDVIEW02,WORLDVIEW02,2.35255861282349,2011-05-29T17:29:25.433Z,28.4302768707275,0.585882604122162,143.603851318359,71.8531799316406,193.251083374023,joplin-tornado,wind,103001000A285500,1024,1024,1024,1024,MjY0NDAzMQ.9nbnjXBoM_i_S6Jx44mwL69Cd8E,joplin-tornado_00000025_post_disaster.png,-94.52219698920676,37.05945804855626,POINT (-94.52219698920676 37.05945804855626),../input/xview2-challenge-dataset-tier-3-data/tier3/labels/joplin-tornado_00000025_post_disaster.json,56.0,17.0,6.0,33.0,7.0
WORLDVIEW02,WORLDVIEW02,2.35255861282349,2011-05-29T17:29:25.433Z,28.4302768707275,0.585882604122162,143.603851318359,71.8531799316406,193.251083374023,joplin-tornado,wind,103001000A285500,1024,1024,1024,1024,MjY0NDIxNw.adPP3gOGgZ7LxpUxVH8DhGw8CQY,joplin-tornado_00000118_post_disaster.png,-94.51703903488456,37.0675792709653,POINT (-94.51703903488456 37.0675792709653),../input/xview2-challenge-dataset-tier-3-data/tier3/labels/joplin-tornado_00000118_post_disaster.json,52.0,51.0,20.0,105.0,123.0
WORLDVIEW02,WORLDVIEW02,2.35255861282349,2011-05-29T17:29:25.433Z,28.4302768707275,0.585882604122162,143.603851318359,71.8531799316406,193.251083374023,joplin-tornado,wind,103001000A285500,1024,1024,1024,1024,MjY0NDIyNQ.X-YxTBwtl0Pco0vvLBX3nPMnP0k,joplin-tornado_00000122_post_disaster.png,-94.50653541787581,37.06758213107336,POINT (-94.50653541787581 37.06758213107336),../input/xview2-challenge-dataset-tier-3-data/tier3/labels/joplin-tornado_00000122_post_disaster.json,48.0,15.0,1.0,38.0,3.0
WORLDVIEW02,WORLDVIEW02,2.35255861282349,2011-05-29T17:29:25.433Z,28.4302768707275,0.585882604122162,143.603851318359,71.8531799316406,193.251083374023,joplin-tornado,wind,103001000A285500,1024,1024,1024,1024,MjY0NDI2Nw.6Z0VV_E1l99f3PbgIbF1yE1X6FQ,joplin-tornado_00000143_post_disaster.png,-94.5326717218383,37.062758438862645,POINT (-94.5326717218383 37.06275843886264),../input/xview2-challenge-dataset-tier-3-data/tier3/labels/joplin-tornado_00000143_post_disaster.json,47.0,20.0,5.0,5.0,1.0
WORLDVIEW02,WORLDVIEW02,2.35255861282349,2011-05-29T17:29:25.433Z,28.4302768707275,0.585882604122162,143.603851318359,71.8531799316406,193.251083374023,joplin-tornado,wind,103001000A285500,1024,1024,1024,1024,MjY0NDEzMQ.ZneKGo94Uchd63vBsx0Qa4-AV8w,joplin-tornado_00000075_post_disaster.png,-94.44544049365503,37.0672459554157,POINT (-94.44544049365503 37.0672459554157),../input/xview2-challenge-dataset-tier-3-data/tier3/labels/joplin-tornado_00000075_post_disaster.json,45.0,7.0,12.0,15.0,7.0
WORLDVIEW02,WORLDVIEW02,2.35255861282349,2011-05-29T17:29:25.433Z,28.4302768707275,0.585882604122162,143.603851318359,71.8531799316406,193.251083374023,joplin-tornado,wind,103001000A285500,1024,1024,1024,1024,MjY0NDAxMA.7xj8F_JB43O0e48_fAUNQEoJ1pM,joplin-tornado_00000014_post_disaster.png,-94.54736417357672,37.058918256315984,POINT (-94.54736417357672 37.05891825631598),../input/xview2-challenge-dataset-tier-3-data/tier3/labels/joplin-tornado_00000014_post_disaster.json,44.0,14.0,2.0,15.0,7.0
WORLDVIEW02,WORLDVIEW02,2.35255861282349,2011-05-29T17:29:25.433Z,28.4302768707275,0.585882604122162,143.603851318359,71.8531799316406,193.251083374023,joplin-tornado,wind,103001000A285500,1024,1024,1024,1024,MjY0NDE0OA.4LkIsyjh97-dhSaCgk29ltLa7sc,joplin-tornado_00000083_post_disaster.png,-94.50156698146579,37.07203262376415,POINT (-94.50156698146579 37.07203262376415),../input/xview2-challenge-dataset-tier-3-data/tier3/labels/joplin-tornado_00000083_post_disaster.json,43.0,21.0,12.0,53.0,44.0
WORLDVIEW02,WORLDVIEW02,2.35255861282349,2011-05-29T17:29:25.433Z,28.4302768707275,0.585882604122162,143.603851318359,71.8531799316406,193.251083374023,joplin-tornado,wind,103001000A285500,1024,1024,1024,1024,MjY0NDA2MQ.ehqkOePgShUTxb9cupwcSoqn1JI,joplin-tornado_00000040_post_disaster.png,-94.49100616254512,37.05956582771147,POINT (-94.49100616254512 37.05956582771147),../input/xview2-challenge-dataset-tier-3-data/tier3/labels/joplin-tornado_00000040_post_disaster.json,40.41975308641975,11.823529411764707,12.0,20.0,169.0
WORLDVIEW02,WORLDVIEW02,2.35255861282349,2011-05-29T17:29:25.433Z,28.4302768707275,0.585882604122162,143.603851318359,71.8531799316406,193.251083374023,joplin-tornado,wind,103001000A285500,1024,1024,1024,1024,MjY0NDA1Nw.0Ozys_H8Saxdyg2x5N6D4uWBsA0,joplin-tornado_00000038_post_disaster.png,-94.49628620489065,37.0592827948408,POINT (-94.49628620489065 37.0592827948408),../input/xview2-challenge-dataset-tier-3-data/tier3/labels/joplin-tornado_00000038_post_disaster.json,40.41975308641975,11.823529411764707,12.0,10.0,165.0
WORLDVIEW02,WORLDVIEW02,2.35255861282349,2011-05-29T17:29:25.433Z,28.4302768707275,0.585882604122162,143.603851318359,71.8531799316406,193.251083374023,joplin-tornado,wind,103001000A285500,1024,1024,1024,1024,MjY0NDI0Mg.43DeVKho1ex8ov9XzCzeMg-o9iQ,joplin-tornado_00000130_post_disaster.png,-94.51256267051183,37.07609515620096,POINT (-94.51256267051183 37.07609515620096),../input/xview2-challenge-dataset-tier-3-data/tier3/labels/joplin-tornado_00000130_post_disaster.json,40.41975308641975,11.823529411764707,10.0,20.67924528301887,166.0
WORLDVIEW02,WORLDVIEW02,2.35255861282349,2011-05-29T17:29:25.433Z,28.4302768707275,0.585882604122162,143.603851318359,71.8531799316406,193.251083374023,joplin-tornado,wind,103001000A285500,1024,1024,1024,1024,MjY0NDEzOQ.vQpLSMytg23SUzrodGp5i47-i6k,joplin-tornado_00000079_post_disaster.png,-94.50132048008653,37.0553273308706,POINT (-94.50132048008653 37.0553273308706),../input/xview2-challenge-dataset-tier-3-data/tier3/labels/joplin-tornado_00000079_post_disaster.json,40.41975308641975,11.823529411764707,1.0,13.0,114.0
WORLDVIEW02,WORLDVIEW02,2.35255861282349,2011-05-29T17:29:25.433Z,28.4302768707275,0.585882604122162,143.603851318359,71.8531799316406,193.251083374023,joplin-tornado,wind,103001000A285500,1024,1024,1024,1024,MjY0NDE5Mw.AevlsXP1tBWxG7P0ML9Ih9aM6UI,joplin-tornado_00000106_post_disaster.png,-94.54800444400979,37.06635477704598,POINT (-94.54800444400979 37.06635477704598),../input/xview2-challenge-dataset-tier-3-data/tier3/labels/joplin-tornado_00000106_post_disaster.json,40.41975308641975,11.823529411764707,6.0,20.67924528301887,127.0
WORLDVIEW02,WORLDVIEW02,2.35255861282349,2011-05-29T17:29:25.433Z,28.4302768707275,0.585882604122162,143.603851318359,71.8531799316406,193.251083374023,joplin-tornado,wind,103001000A285500,1024,1024,1024,1024,MjY0NDAwOA.f0sbhK9lGzI4QUZWnLGX_3es0HQ,joplin-tornado_00000013_post_disaster.png,-94.48258558601265,37.05511649100333,POINT (-94.48258558601265 37.05511649100333),../input/xview2-challenge-dataset-tier-3-data/tier3/labels/joplin-tornado_00000013_post_disaster.json,40.41975308641975,11.823529411764707,5.466666666666667,20.67924528301887,5.0
WORLDVIEW02,WORLDVIEW02,2.35255861282349,2011-05-29T17:29:25.433Z,28.4302768707275,0.585882604122162,143.603851318359,71.8531799316406,193.251083374023,joplin-tornado,wind,103001000A285500,1024,1024,1024,1024,MjY0NDA1Mw.I1-ETI448vBahgftzYLTpkHw6bE,joplin-tornado_00000036_post_disaster.png,-94.51691343726245,37.07190328317255,POINT (-94.51691343726245 37.07190328317255),../input/xview2-challenge-dataset-tier-3-data/tier3/labels/joplin-tornado_00000036_post_disaster.json,40.41975308641975,11.823529411764707,22.0,6.0,253.0
WORLDVIEW02,WORLDVIEW02,2.35255861282349,2011-05-29T17:29:25.433Z,28.4302768707275,0.585882604122162,143.603851318359,71.8531799316406,193.251083374023,joplin-tornado,wind,103001000A285500,1024,1024,1024,1024,MjY0NDAwNg.6xw9Spa5bRgUWrJzDcmIkI4Igi0,joplin-tornado_00000012_post_disaster.png,-94.47508360241257,37.058983486125726,POINT (-94.47508360241257 37.05898348612573),../input/xview2-challenge-dataset-tier-3-data/tier3/labels/joplin-tornado_00000012_post_disaster.json,40.41975308641975,11.823529411764707,6.0,1.0,37.0
WORLDVIEW02,WORLDVIEW02,2.35255861282349,2011-05-29T17:29:25.433Z,28.4302768707275,0.585882604122162,143.603851318359,71.8531799316406,193.251083374023,joplin-tornado,wind,103001000A285500,1024,1024,1024,1024,MjY0NDIyOQ.ob5stgb4ipqEUXuFzQsBWfYCjTU,joplin-tornado_00000124_post_disaster.png,-94.43439858117965,37.06388026230958,POINT (-94.43439858117965 37.06388026230958),../input/xview2-challenge-dataset-tier-3-data/tier3/labels/joplin-tornado_00000124_post_disaster.json,40.41975308641975,11.823529411764707,2.0,6.0,13.0
WORLDVIEW02,WORLDVIEW02,2.35255861282349,2011-05-29T17:29:25.433Z,28.4302768707275,0.585882604122162,143.603851318359,71.8531799316406,193.251083374023,joplin-tornado,wind,103001000A285500,1024,1024,1024,1024,MjY0NDAxNQ.-lqdNfYMllTqFtK5lW4yPB31w6Y,joplin-tornado_00000017_post_disaster.png,-94.46576342434197,37.058160966123346,POINT (-94.46576342434197 37.05816096612335),../input/xview2-challenge-dataset-tier-3-data/tier3/labels/joplin-tornado_00000017_post_disaster.json,40.41975308641975,11.823529411764707,4.0,20.67924528301887,21.0
WORLDVIEW02,WORLDVIEW02,2.35255861282349,2011-05-29T17:29:25.433Z,28.4302768707275,0.585882604122162,143.603851318359,71.8531799316406,193.251083374023,joplin-tornado,wind,103001000A285500,1024,1024,1024,1024,MjY0NDE0Mg.gAiZLUpl4aCagOgc7GMTUif8TsA,joplin-tornado_00000080_post_disaster.png,-94.49626547919632,37.055224396412996,POINT (-94.49626547919632 37.055224396413),../input/xview2-challenge-dataset-tier-3-data/tier3/labels/joplin-tornado_00000080_post_disaster.json,40.41975308641975,11.823529411764707,1.0,20.67924528301887,118.0
WORLDVIEW02,WORLDVIEW02,2.35255861282349,2011-05-29T17:29:25.433Z,28.4302768707275,0.585882604122162,143.603851318359,71.8531799316406,193.251083374023,joplin-tornado,wind,103001000A285500,1024,1024,1024,1024,MjY0NDE2NQ.LpCTlK0dG4QYRSICzMo0LVwsMMI,joplin-tornado_00000092_post_disaster.png,-94.48642395536363,37.072448682294244,POINT (-94.48642395536363 37.07244868229424),../input/xview2-challenge-dataset-tier-3-data/tier3/labels/joplin-tornado_00000092_post_disaster.json,40.41975308641975,4.0,4.0,5.0,12.0
WORLDVIEW02,WORLDVIEW02,2.35255861282349,2011-05-29T17:29:25.433Z,28.4302768707275,0.585882604122162,143.603851318359,71.8531799316406,193.251083374023,joplin-tornado,wind,103001000A285500,1024,1024,1024,1024,MjY0NDE5OQ.onZMCxsw5RtgEcLW5-v2yD_VCxo,joplin-tornado_00000109_post_disaster.png,-94.47061275177394,37.06326565202467,POINT (-94.47061275177394 37.06326565202467),../input/xview2-challenge-dataset-tier-3-data/tier3/labels/joplin-tornado_00000109_post_disaster.json,40.41975308641975,11.823529411764707,2.0,3.0,11.0
WORLDVIEW02,WORLDVIEW02,2.35255861282349,2011-05-29T17:29:25.433Z,28.4302768707275,0.585882604122162,143.603851318359,71.8531799316406,193.251083374023,joplin-tornado,wind,103001000A285500,1024,1024,1024,1024,MjY0Mzk5NA.jPVTa9qeuM8aKXb2IAMRk2iUhqE,joplin-tornado_00000006_post_disaster.png,-94.44003575268415,37.07116659087209,POINT (-94.44003575268415 37.07116659087209),../input/xview2-challenge-dataset-tier-3-data/tier3/labels/joplin-tornado_00000006_post_disaster.json,40.41975308641975,11.823529411764707,5.0,1.0,30.0
WORLDVIEW02,WORLDVIEW02,2.35255861282349,2011-05-29T17:29:25.433Z,28.4302768707275,0.585882604122162,143.603851318359,71.8531799316406,193.251083374023,joplin-tornado,wind,103001000A285500,1024,1024,1024,1024,MjY0NDE5NA.R5aeg-9WCwyjexvwyAU_YBPGlY8,joplin-tornado_00000107_post_disaster.png,-94.47558426311284,37.06191454770803,POINT (-94.47558426311284 37.06191454770803),../input/xview2-challenge-dataset-tier-3-data/tier3/labels/joplin-tornado_00000107_post_disaster.json,40.41975308641975,11.823529411764707,4.0,2.0,20.0
WORLDVIEW02,WORLDVIEW02,2.35255861282349,2011-05-29T17:29:25.433Z,28.4302768707275,0.585882604122162,143.603851318359,71.8531799316406,193.251083374023,joplin-tornado,wind,103001000A285500,1024,1024,1024,1024,MjY0NDA5MQ.Q5VuHT2HvDW5Lz8AMw3agiK2Fqo,joplin-tornado_00000055_post_disaster.png,-94.55343864089443,37.05515570346197,POINT (-94.55343864089443 37.05515570346197),../input/xview2-challenge-dataset-tier-3-data/tier3/labels/joplin-tornado_00000055_post_disaster.json,40.41975308641975,1.0,3.0,12.0,9.0
WORLDVIEW02,WORLDVIEW02,2.35255861282349,2011-05-29T17:29:25.433Z,28.4302768707275,0.585882604122162,143.603851318359,71.8531799316406,193.251083374023,joplin-tornado,wind,103001000A285500,1024,1024,1024,1024,MjY0NDAwMg.Bm3hRbXDTcK76PhuzZyJNH1IcmU,joplin-tornado_00000010_post_disaster.png,-94.48594108996517,37.055540204267736,POINT (-94.48594108996517 37.05554020426774),../input/xview2-challenge-dataset-tier-3-data/tier3/labels/joplin-tornado_00000010_post_disaster.json,40.41975308641975,11.823529411764707,1.0,20.67924528301887,40.0
WORLDVIEW02,WORLDVIEW02,2.35255861282349,2011-05-29T17:29:25.433Z,28.4302768707275,0.585882604122162,143.603851318359,71.8531799316406,193.251083374023,joplin-tornado,wind,103001000A285500,1024,1024,1024,1024,MjY0NDA5Mw.hTe4EUXWDfQTzHMTgJ7XOK7ff-U,joplin-tornado_00000056_post_disaster.png,-94.44930443244309,37.07657994322887,POINT (-94.44930443244309 37.07657994322887),../input/xview2-challenge-dataset-tier-3-data/tier3/labels/joplin-tornado_00000056_post_disaster.json,40.41975308641975,11.823529411764707,2.0,2.0,21.0
WORLDVIEW02,WORLDVIEW02,2.35255861282349,2011-05-29T17:29:25.433Z,28.4302768707275,0.585882604122162,143.603851318359,71.8531799316406,193.251083374023,joplin-tornado,wind,103001000A285500,1024,1024,1024,1024,MjY0NDIzOA.CUMVG3hdbSd_-oTWgrCLrWCtrrM,joplin-tornado_00000128_post_disaster.png,-94.51722420991611,37.07593123440176,POINT (-94.51722420991611 37.07593123440176),../input/xview2-challenge-dataset-tier-3-data/tier3/labels/joplin-tornado_00000128_post_disaster.json,40.41975308641975,11.823529411764707,5.466666666666667,20.67924528301887,194.0
WORLDVIEW02,WORLDVIEW02,2.35255861282349,2011-05-29T17:29:25.433Z,28.4302768707275,0.585882604122162,143.603851318359,71.8531799316406,193.251083374023,joplin-tornado,wind,103001000A285500,1024,1024,1024,1024,MjY0NDAwMA.IKyVns5bbAPcQpABu28uXjF_K0I,joplin-tornado_00000009_post_disaster.png,-94.48006560642584,37.05828011198454,POINT (-94.48006560642584 37.05828011198454),../input/xview2-challenge-dataset-tier-3-data/tier3/labels/joplin-tornado_00000009_post_disaster.json,40.41975308641975,11.823529411764707,3.0,20.67924528301887,18.0
WORLDVIEW02,WORLDVIEW02,2.35255861282349,2011-05-29T17:29:25.433Z,28.4302768707275,0.585882604122162,143.603851318359,71.8531799316406,193.251083374023,joplin-tornado,wind,103001000A285500,1024,1024,1024,1024,MjY0NDEwMQ.AJ5FIDMPiR3_9WYcZU_nczx_WG8,joplin-tornado_00000060_post_disaster.png,-94.44523599484138,37.076136747187,POINT (-94.44523599484138 37.076136747187),../input/xview2-challenge-dataset-tier-3-data/tier3/labels/joplin-tornado_00000060_post_disaster.json,40.41975308641975,11.823529411764707,7.0,5.0,33.0
WORLDVIEW02,WORLDVIEW02,2.35255861282349,2011-05-29T17:29:25.433Z,28.4302768707275,0.585882604122162,143.603851318359,71.8531799316406,193.251083374023,joplin-tornado,wind,103001000A285500,1024,1024,1024,1024,MjY0NDAzOQ.Nl4HHrdIFfybWQ0J0CSYjfYprjI,joplin-tornado_00000029_post_disaster.png,-94.55408588966752,37.050568809137644,POINT (-94.55408588966752 37.05056880913764),../input/xview2-challenge-dataset-tier-3-data/tier3/labels/joplin-tornado_00000029_post_disaster.json,40.41975308641975,11.823529411764707,5.466666666666667,20.67924528301887,30.0
WORLDVIEW02,WORLDVIEW02,2.35255861282349,2011-05-29T17:29:25.433Z,28.4302768707275,0.585882604122162,143.603851318359,71.8531799316406,193.251083374023,joplin-tornado,wind,103001000A285500,1024,1024,1024,1024,MjY0NDEyNQ.dBrnH7cAyDPgkW-1HnFx47JBu7Y,joplin-tornado_00000072_post_disaster.png,-94.44442355907098,37.05355122858138,POINT (-94.44442355907098 37.05355122858138),../input/xview2-challenge-dataset-tier-3-data/tier3/labels/joplin-tornado_00000072_post_disaster.json,40.41975308641975,11.823529411764707,1.0,1.0,11.0
WORLDVIEW02,WORLDVIEW02,2.35255861282349,2011-05-29T17:29:25.433Z,28.4302768707275,0.585882604122162,143.603851318359,71.8531799316406,193.251083374023,joplin-tornado,wind,103001000A285500,1024,1024,1024,1024,MjY0NDE4OA.JRcDEM2bNGffi7qCW-WEmSmddMo,joplin-tornado_00000103_post_disaster.png,-94.55357844001992,37.067131288674204,POINT (-94.55357844001992 37.0671312886742),../input/xview2-challenge-dataset-tier-3-data/tier3/labels/joplin-tornado_00000103_post_disaster.json,40.41975308641975,11.823529411764707,9.0,20.67924528301887,116.0
WORLDVIEW02,WORLDVIEW02,2.35255861282349,2011-05-29T17:29:25.433Z,28.4302768707275,0.585882604122162,143.603851318359,71.8531799316406,193.251083374023,joplin-tornado,wind,103001000A285500,1024,1024,1024,1024,MjY0NDE0Ng.r5pW0u94kM17ehnnbi5bKHB77C8,joplin-tornado_00000082_post_disaster.png,-94.49059844803075,37.05561329996019,POINT (-94.49059844803075 37.05561329996019),../input/xview2-challenge-dataset-tier-3-data/tier3/labels/joplin-tornado_00000082_post_disaster.json,40.41975308641975,11.823529411764707,2.0,20.67924528301887,123.0
WORLDVIEW02,WORLDVIEW02,2.35255861282349,2011-05-29T17:29:25.433Z,28.4302768707275,0.585882604122162,143.603851318359,71.8531799316406,193.251083374023,joplin-tornado,wind,103001000A285500,1024,1024,1024,1024,MjY0NDE5MQ.j4dJz5uLwW8CgEmlGAjvudXKPb0,joplin-tornado_00000105_post_disaster.png,-94.48288378049838,37.08062576586369,POINT (-94.48288378049838 37.08062576586369),../input/xview2-challenge-dataset-tier-3-data/tier3/labels/joplin-tornado_00000105_post_disaster.json,40.41975308641975,11.823529411764707,5.466666666666667,20.67924528301887,47.0
WORLDVIEW02,WORLDVIEW02,2.35255861282349,2011-05-29T17:29:25.433Z,28.4302768707275,0.585882604122162,143.603851318359,71.8531799316406,193.251083374023,joplin-tornado,wind,103001000A285500,1024,1024,1024,1024,MjY0NDA2NQ.OyjStRBHLFiX4MwCjIN-cYkOMPk,joplin-tornado_00000042_post_disaster.png,-94.48589509729617,37.05954988878183,POINT (-94.48589509729617 37.05954988878183),../input/xview2-challenge-dataset-tier-3-data/tier3/labels/joplin-tornado_00000042_post_disaster.json,40.41975308641975,11.823529411764707,6.0,5.0,139.0
WORLDVIEW02,WORLDVIEW02,2.35255861282349,2011-05-29T17:29:25.433Z,28.4302768707275,0.585882604122162,143.603851318359,71.8531799316406,193.251083374023,joplin-tornado,wind,103001000A285500,1024,1024,1024,1024,MjY0NDE3NQ.bw69siOb9sRhQaP19VI17AtxI_s,joplin-tornado_00000097_post_disaster.png,-94.50186544863347,37.080617880300494,POINT (-94.50186544863347 37.08061788030049),../input/xview2-challenge-dataset-tier-3-data/tier3/labels/joplin-tornado_00000097_post_disaster.json,40.41975308641975,11.823529411764707,5.0,20.67924528301887,59.0
WORLDVIEW02,WORLDVIEW02,2.35255861282349,2011-05-29T17:29:25.433Z,28.4302768707275,0.585882604122162,143.603851318359,71.8531799316406,193.251083374023,joplin-tornado,wind,103001000A285500,1024,1024,1024,1024,MjY0Mzk5Ng.dPJvBpGqueYEhdwU9vxhd0juQyc,joplin-tornado_00000007_post_disaster.png,-94.52746272214779,37.07171876776226,POINT (-94.52746272214779 37.07171876776226),../input/xview2-challenge-dataset-tier-3-data/tier3/labels/joplin-tornado_00000007_post_disaster.json,40.41975308641975,11.823529411764707,5.466666666666667,4.0,331.0
WORLDVIEW02,WORLDVIEW02,2.35255861282349,2011-05-29T17:29:25.433Z,28.4302768707275,0.585882604122162,143.603851318359,71.8531799316406,193.251083374023,joplin-tornado,wind,103001000A285500,1024,1024,1024,1024,MjY0NDAxOQ.9x0-cvMaCYLB0CommYCbIN1-fZI,joplin-tornado_00000019_post_disaster.png,-94.46158613558426,37.0585655687196,POINT (-94.46158613558426 37.0585655687196),../input/xview2-challenge-dataset-tier-3-data/tier3/labels/joplin-tornado_00000019_post_disaster.json,40.41975308641975,11.823529411764707,2.0,1.0,25.0
WORLDVIEW02,WORLDVIEW02,2.35255861282349,2011-05-29T17:29:25.433Z,28.4302768707275,0.585882604122162,143.603851318359,71.8531799316406,193.251083374023,joplin-tornado,wind,103001000A285500,1024,1024,1024,1024,MjY0NDEyOQ.26bMPTHNHOIaGY6xJEfh3Dvc-VQ,joplin-tornado_00000074_post_disaster.png,-94.51679115925599,37.05528404232685,POINT (-94.51679115925599 37.05528404232685),../input/xview2-challenge-dataset-tier-3-data/tier3/labels/joplin-tornado_00000074_post_disaster.json,40.41975308641975,11.823529411764707,15.0,7.0,164.0
WORLDVIEW02,WORLDVIEW02,2.35255861282349,2011-05-29T17:29:25.433Z,28.4302768707275,0.585882604122162,143.603851318359,71.8531799316406,193.251083374023,joplin-tornado,wind,103001000A285500,1024,1024,1024,1024,MjY0NDIzMw.O0neTkok6WNjQ5bNYUJOMLeXMqg,joplin-tornado_00000126_post_disaster.png,-94.4306421457028,37.064767865820684,POINT (-94.43064214570281 37.06476786582068),../input/xview2-challenge-dataset-tier-3-data/tier3/labels/joplin-tornado_00000126_post_disaster.json,40.41975308641975,11.823529411764707,5.466666666666667,20.67924528301887,9.0
WORLDVIEW02,WORLDVIEW02,2.35255861282349,2011-05-29T17:29:25.433Z,28.4302768707275,0.585882604122162,143.603851318359,71.8531799316406,193.251083374023,joplin-tornado,wind,103001000A285500,1024,1024,1024,1024,MjY0NDE2Mw.BgswuWbJ9KosaS93R8UzliGjp4Y,joplin-tornado_00000091_post_disaster.png,-94.48050392913659,37.07929478343522,POINT (-94.48050392913659 37.07929478343522),../input/xview2-challenge-dataset-tier-3-data/tier3/labels/joplin-tornado_00000091_post_disaster.json,40.41975308641975,11.823529411764707,7.0,1.0,105.0
WORLDVIEW02,WORLDVIEW02,2.35255861282349,2011-05-29T17:29:25.433Z,28.4302768707275,0.585882604122162,143.603851318359,71.8531799316406,193.251083374023,joplin-tornado,wind,103001000A285500,1024,1024,1024,1024,MjY0NDAxMQ.2q7CnosmVUg8HDIXpmgNA3yZVcU,joplin-tornado_00000015_post_disaster.png,-94.46958547837026,37.058398548907356,POINT (-94.46958547837026 37.05839854890736),../input/xview2-challenge-dataset-tier-3-data/tier3/labels/joplin-tornado_00000015_post_disaster.json,40.41975308641975,11.823529411764707,4.0,1.0,6.0
WORLDVIEW02,WORLDVIEW02,2.35255861282349,2011-05-29T17:29:25.433Z,28.4302768707275,0.585882604122162,143.603851318359,71.8531799316406,193.251083374023,joplin-tornado,wind,103001000A285500,1024,1024,1024,1024,MjY0NDA3MQ._YzmWAqahr2z_47vu5CmpcZG7Mw,joplin-tornado_00000045_post_disaster.png,-94.4828280422627,37.060239269126086,POINT (-94.4828280422627 37.06023926912609),../input/xview2-challenge-dataset-tier-3-data/tier3/labels/joplin-tornado_00000045_post_disaster.json,40.41975308641975,11.823529411764707,5.466666666666667,20.67924528301887,11.0
WORLDVIEW02,WORLDVIEW02,2.35255861282349,2011-05-29T17:29:25.433Z,28.4302768707275,0.585882604122162,143.603851318359,71.8531799316406,193.251083374023,joplin-tornado,wind,103001000A285500,1024,1024,1024,1024,MjY0NDEzNQ.scR_EY9y3yO8soJtAKqHRHCdL2Q,joplin-tornado_00000077_post_disaster.png,-94.50656467323041,37.055379948508225,POINT (-94.50656467323041 37.05537994850823),../input/xview2-challenge-dataset-tier-3-data/tier3/labels/joplin-tornado_00000077_post_disaster.json,40.41975308641975,11.823529411764707,4.0,11.0,121.0
WORLDVIEW02,WORLDVIEW02,2.35255861282349,2011-05-29T17:29:25.433Z,28.4302768707275,0.585882604122162,143.603851318359,71.8531799316406,193.251083374023,joplin-tornado,wind,103001000A285500,1024,1024,1024,1024,MjY0Mzk5Mg.35QUZ90ASbQhw6A6VvdV5U80geY,joplin-tornado_00000005_post_disaster.png,-94.48294956300155,37.0642398465353,POINT (-94.48294956300155 37.0642398465353),../input/xview2-challenge-dataset-tier-3-data/tier3/labels/joplin-tornado_00000005_post_disaster.json,40.41975308641975,2.0,3.0,12.0,23.0
WORLDVIEW02,WORLDVIEW02,2.35255861282349,2011-05-29T17:29:25.433Z,28.4302768707275,0.585882604122162,143.603851318359,71.8531799316406,193.251083374023,joplin-tornado,wind,103001000A285500,1024,1024,1024,1024,MjY0NDEzMw.VA9EuJrs39ikmXm0XnVOhdqreYE,joplin-tornado_00000076_post_disaster.png,-94.51170806631387,37.055396570231636,POINT (-94.51170806631387 37.05539657023164),../input/xview2-challenge-dataset-tier-3-data/tier3/labels/joplin-tornado_00000076_post_disaster.json,40.41975308641975,11.823529411764707,7.0,17.0,146.0
WORLDVIEW02,WORLDVIEW02,2.35255861282349,2011-05-29T17:29:25.433Z,28.4302768707275,0.585882604122162,143.603851318359,71.8531799316406,193.251083374023,joplin-tornado,wind,103001000A285500,1024,1024,1024,1024,MjY0NDEwMw.RcYyWgMxtB4sD9rwNilmjUzoZwk,joplin-tornado_00000061_post_disaster.png,-94.465349741194,37.05566363726588,POINT (-94.465349741194 37.05566363726588),../input/xview2-challenge-dataset-tier-3-data/tier3/labels/joplin-tornado_00000061_post_disaster.json,40.41975308641975,11.823529411764707,5.466666666666667,20.67924528301887,18.0
WORLDVIEW02,WORLDVIEW02,2.35255861282349,2011-05-29T17:29:25.433Z,28.4302768707275,0.585882604122162,143.603851318359,71.8531799316406,193.251083374023,joplin-tornado,wind,103001000A285500,1024,1024,1024,1024,MjY0NDE0NA.E0mhMFMwvDmTstKf0NdMJtFJWx0,joplin-tornado_00000081_post_disaster.png,-94.43453768035764,37.06731307662505,POINT (-94.43453768035764 37.06731307662505),../input/xview2-challenge-dataset-tier-3-data/tier3/labels/joplin-tornado_00000081_post_disaster.json,40.41975308641975,11.823529411764707,5.0,6.0,78.0
WORLDVIEW02,WORLDVIEW02,2.35255861282349,2011-05-29T17:29:25.433Z,28.4302768707275,0.585882604122162,143.603851318359,71.8531799316406,193.251083374023,joplin-tornado,wind,103001000A285500,1024,1024,1024,1024,MjY0NDA0OQ.Dp79QKzeFMROVBN7URmOBeRdbzA,joplin-tornado_00000034_post_disaster.png,-94.54928022499178,37.052413441593195,POINT (-94.54928022499178 37.0524134415932),../input/xview2-challenge-dataset-tier-3-data/tier3/labels/joplin-tornado_00000034_post_disaster.json,40.41975308641975,11.823529411764707,5.466666666666667,20.67924528301887,3.0
WORLDVIEW02,WORLDVIEW02,2.35255861282349,2011-05-29T17:29:25.433Z,28.4302768707275,0.585882604122162,143.603851318359,71.8531799316406,193.251083374023,joplin-tornado,wind,103001000A285500,1024,1024,1024,1024,MjY0NDI2MQ.CloKBwlCtrI-0c7x26dIPAKsl9w,joplin-tornado_00000140_post_disaster.png,-94.4830049108874,37.07615296549588,POINT (-94.4830049108874 37.07615296549588),../input/xview2-challenge-dataset-tier-3-data/tier3/labels/joplin-tornado_00000140_post_disaster.json,40.41975308641975,11.823529411764707,1.0,20.67924528301887,50.0
WORLDVIEW02,WORLDVIEW02,2.35255861282349,2011-05-29T17:29:25.433Z,28.4302768707275,0.585882604122162,143.603851318359,71.8531799316406,193.251083374023,joplin-tornado,wind,103001000A285500,1024,1024,1024,1024,MjY0NDA2OQ.fxtseswg82OkQGfQjHT_cR7r9Sw,joplin-tornado_00000044_post_disaster.png,-94.47130804798684,37.075102853097256,POINT (-94.47130804798684 37.07510285309726),../input/xview2-challenge-dataset-tier-3-data/tier3/labels/joplin-tornado_00000044_post_disaster.json,40.41975308641975,2.0,18.0,21.0,76.0
WORLDVIEW02,WORLDVIEW02,2.35255861282349,2011-05-29T17:29:25.433Z,28.4302768707275,0.585882604122162,143.603851318359,71.8531799316406,193.251083374023,joplin-tornado,wind,103001000A285500,1024,1024,1024,1024,MjY0NDA4OQ.OmNM6T3HvzDKXVWVfoUZdI-3Ojs,joplin-tornado_00000054_post_disaster.png,-94.47598629604076,37.055176194104504,POINT (-94.47598629604076 37.0551761941045),../input/xview2-challenge-dataset-tier-3-data/tier3/labels/joplin-tornado_00000054_post_disaster.json,40.41975308641975,11.823529411764707,1.0,1.0,21.0
WORLDVIEW02,WORLDVIEW02,2.35255861282349,2011-05-29T17:29:25.433Z,28.4302768707275,0.585882604122162,143.603851318359,71.8531799316406,193.251083374023,joplin-tornado,wind,103001000A285500,1024,1024,1024,1024,MjY0NDE4Mw.Mi4Zh7i2TIx2gsqTBmGz1PrTdeU,joplin-tornado_00000101_post_disaster.png,-94.491196658749,37.08042305697367,POINT (-94.491196658749 37.08042305697367),../input/xview2-challenge-dataset-tier-3-data/tier3/labels/joplin-tornado_00000101_post_disaster.json,40.41975308641975,11.823529411764707,2.0,20.67924528301887,151.0
WORLDVIEW02,WORLDVIEW02,2.35255861282349,2011-05-29T17:29:25.433Z,28.4302768707275,0.585882604122162,143.603851318359,71.8531799316406,193.251083374023,joplin-tornado,wind,103001000A285500,1024,1024,1024,1024,MjY0NDAyOQ.j3KPGUKHR2E4HYjLA2If87-LN5s,joplin-tornado_00000024_post_disaster.png,-94.45192145395896,37.05975466337668,POINT (-94.45192145395896 37.05975466337668),../input/xview2-challenge-dataset-tier-3-data/tier3/labels/joplin-tornado_00000024_post_disaster.json,40.41975308641975,1.0,5.466666666666667,20.67924528301887,2.0
WORLDVIEW02,WORLDVIEW02,2.35255861282349,2011-05-29T17:29:25.433Z,28.4302768707275,0.585882604122162,143.603851318359,71.8531799316406,193.251083374023,joplin-tornado,wind,103001000A285500,1024,1024,1024,1024,MjY0NDExMQ.nWqzZTg6oDDyDPWeAYV0OWJE0iw,joplin-tornado_00000065_post_disaster.png,-94.53738194243006,37.055399870447154,POINT (-94.53738194243006 37.05539987044715),../input/xview2-challenge-dataset-tier-3-data/tier3/labels/joplin-tornado_00000065_post_disaster.json,40.41975308641975,11.823529411764707,1.0,20.0,17.0
WORLDVIEW02,WORLDVIEW02,2.35255861282349,2011-05-29T17:29:25.433Z,28.4302768707275,0.585882604122162,143.603851318359,71.8531799316406,193.251083374023,joplin-tornado,wind,103001000A285500,1024,1024,1024,1024,MjY0NDI0Ng.nOgpW9hkV1h2y5OxPitQhkHa5xk,joplin-tornado_00000132_post_disaster.png,-94.50740073151344,37.07555097445893,POINT (-94.50740073151344 37.07555097445893),../input/xview2-challenge-dataset-tier-3-data/tier3/labels/joplin-tornado_00000132_post_disaster.json,40.41975308641975,11.823529411764707,11.0,2.0,161.0
WORLDVIEW02,WORLDVIEW02,2.35255861282349,2011-05-29T17:29:25.433Z,28.4302768707275,0.585882604122162,143.603851318359,71.8531799316406,193.251083374023,joplin-tornado,wind,103001000A285500,1024,1024,1024,1024,MjY0NDI1Nw.4khCWxqtsFmC4m2FBnyXBqwtFuc,joplin-tornado_00000138_post_disaster.png,-94.48638770257669,37.07645133022979,POINT (-94.48638770257669 37.07645133022979),../input/xview2-challenge-dataset-tier-3-data/tier3/labels/joplin-tornado_00000138_post_disaster.json,40.41975308641975,11.823529411764707,4.0,4.0,135.0
WORLDVIEW02,WORLDVIEW02,2.35255861282349,2011-05-29T17:29:25.433Z,28.4302768707275,0.585882604122162,143.603851318359,71.8531799316406,193.251083374023,joplin-tornado,wind,103001000A285500,1024,1024,1024,1024,MjY0NDAyNw.xFPqutqNdVDftiS7oNwyxoLUoSM,joplin-tornado_00000023_post_disaster.png,-94.55836209456328,37.05024959136263,POINT (-94.55836209456328 37.05024959136263),../input/xview2-challenge-dataset-tier-3-data/tier3/labels/joplin-tornado_00000023_post_disaster.json,40.41975308641975,11.823529411764707,5.466666666666667,20.67924528301887,47.0
WORLDVIEW02,WORLDVIEW02,2.35255861282349,2011-05-29T17:29:25.433Z,28.4302768707275,0.585882604122162,143.603851318359,71.8531799316406,193.251083374023,joplin-tornado,wind,103001000A285500,1024,1024,1024,1024,MjY0NDE3Nw.Q56-VEQC81qQs3myk4QT6rW6zJ0,joplin-tornado_00000098_post_disaster.png,-94.47102769202012,37.07957001089257,POINT (-94.47102769202012 37.07957001089257),../input/xview2-challenge-dataset-tier-3-data/tier3/labels/joplin-tornado_00000098_post_disaster.json,40.41975308641975,11.823529411764707,10.0,20.67924528301887,134.0
WORLDVIEW02,WORLDVIEW02,2.35255861282349,2011-05-29T17:29:25.433Z,28.4302768707275,0.585882604122162,143.603851318359,71.8531799316406,193.251083374023,joplin-tornado,wind,103001000A285500,1024,1024,1024,1024,MjY0NDA4Mw.ExGEwIJtxcQvCE_4tZt-S34N2i4,joplin-tornado_00000051_post_disaster.png,-94.48034285170667,37.05414224235832,POINT (-94.48034285170667 37.05414224235832),../input/xview2-challenge-dataset-tier-3-data/tier3/labels/joplin-tornado_00000051_post_disaster.json,40.41975308641975,11.823529411764707,5.0,20.67924528301887,29.0
WORLDVIEW02,WORLDVIEW02,2.35255861282349,2011-05-29T17:29:25.433Z,28.4302768707275,0.585882604122162,143.603851318359,71.8531799316406,193.251083374023,joplin-tornado,wind,103001000A285500,1024,1024,1024,1024,MjY0NDAyMw.dxCORu6Vt57nJekVE4oEj9pqbOc,joplin-tornado_00000021_post_disaster.png,-94.45375242682977,37.057969716543134,POINT (-94.45375242682977 37.05796971654313),../input/xview2-challenge-dataset-tier-3-data/tier3/labels/joplin-tornado_00000021_post_disaster.json,40.41975308641975,11.823529411764707,2.0,20.67924528301887,4.0
WORLDVIEW02,WORLDVIEW02,2.35255861282349,2011-05-29T17:29:25.433Z,28.4302768707275,0.585882604122162,143.603851318359,71.8531799316406,193.251083374023,joplin-tornado,wind,103001000A285500,1024,1024,1024,1024,MjY0NDI0OA.42N4VVtp4XISgmhF2iUab_taiOc,joplin-tornado_00000133_post_disaster.png,-94.5015677809314,37.07611078443262,POINT (-94.5015677809314 37.07611078443262),../input/xview2-challenge-dataset-tier-3-data/tier3/labels/joplin-tornado_00000133_post_disaster.json,40.41975308641975,11.823529411764707,3.0,2.0,164.0
WORLDVIEW02,WORLDVIEW02,2.35255861282349,2011-05-29T17:29:25.433Z,28.4302768707275,0.585882604122162,143.603851318359,71.8531799316406,193.251083374023,joplin-tornado,wind,103001000A285500,1024,1024,1024,1024,MjY0NDI3Nw.36KTIIGgaAGiOVZ0uTbB8z_CRu4,joplin-tornado_00000148_post_disaster.png,-94.53279923554831,37.071257214864545,POINT (-94.53279923554831 37.07125721486454),../input/xview2-challenge-dataset-tier-3-data/tier3/labels/joplin-tornado_00000148_post_disaster.json,40.41975308641975,11.823529411764707,5.466666666666667,20.67924528301887,140.0
WORLDVIEW02,WORLDVIEW02,2.35255861282349,2011-05-29T17:29:25.433Z,28.4302768707275,0.585882604122162,143.603851318359,71.8531799316406,193.251083374023,joplin-tornado,wind,103001000A285500,1024,1024,1024,1024,MjY0NDEyMA.2-01YGjC06CAzpLpfqG5o2uUn14,joplin-tornado_00000069_post_disaster.png,-94.45058049654031,37.05395469517756,POINT (-94.45058049654031 37.05395469517756),../input/xview2-challenge-dataset-tier-3-data/tier3/labels/joplin-tornado_00000069_post_disaster.json,40.41975308641975,11.823529411764707,3.0,20.67924528301887,16.0
WORLDVIEW02,WORLDVIEW02,2.35255861282349,2011-05-29T17:29:25.433Z,28.4302768707275,0.585882604122162,143.603851318359,71.8531799316406,193.251083374023,joplin-tornado,wind,103001000A285500,1024,1024,1024,1024,MjY0NDExMw.5fezUBhiCt3NN88W9sbltBLuHMk,joplin-tornado_00000066_post_disaster.png,-94.53215636949857,37.05516606323405,POINT (-94.53215636949857 37.05516606323405),../input/xview2-challenge-dataset-tier-3-data/tier3/labels/joplin-tornado_00000066_post_disaster.json,40.41975308641975,11.823529411764707,5.466666666666667,3.0,13.0
WORLDVIEW02,WORLDVIEW02,2.35255861282349,2011-05-29T17:29:25.433Z,28.4302768707275,0.585882604122162,143.603851318359,71.8531799316406,193.251083374023,joplin-tornado,wind,103001000A285500,1024,1024,1024,1024,MjY0NDA3Nw.4khnbYq5XQLOVNn08ofzrp6OeZw,joplin-tornado_00000048_post_disaster.png,-94.46567172839214,37.07527194557261,POINT (-94.46567172839214 37.07527194557261),../input/xview2-challenge-dataset-tier-3-data/tier3/labels/joplin-tornado_00000048_post_disaster.json,40.41975308641975,2.0,6.0,18.0,65.0
WORLDVIEW02,WORLDVIEW02,2.35255861282349,2011-05-29T17:29:25.433Z,28.4302768707275,0.585882604122162,143.603851318359,71.8531799316406,193.251083374023,joplin-tornado,wind,103001000A285500,1024,1024,1024,1024,MjY0NDAzNw.fZISg_qFn2EMFfMlJEhPy9C7Ji0,joplin-tornado_00000028_post_disaster.png,-94.52240809309052,37.07186920133272,POINT (-94.52240809309052 37.07186920133272),../input/xview2-challenge-dataset-tier-3-data/tier3/labels/joplin-tornado_00000028_post_disaster.json,40.41975308641975,11.823529411764707,5.466666666666667,20.67924528301887,407.0
WORLDVIEW02,WORLDVIEW02,2.35255861282349,2011-05-29T17:29:25.433Z,28.4302768707275,0.585882604122162,143.603851318359,71.8531799316406,193.251083374023,joplin-tornado,wind,103001000A285500,1024,1024,1024,1024,MjY0NDExNQ.XkNVJIKjYQw8nyXyEVi9LGQpX6E,joplin-tornado_00000067_post_disaster.png,-94.45458291320466,37.05460975068053,POINT (-94.45458291320466 37.05460975068053),../input/xview2-challenge-dataset-tier-3-data/tier3/labels/joplin-tornado_00000067_post_disaster.json,40.41975308641975,11.823529411764707,5.466666666666667,20.67924528301887,6.0
WORLDVIEW02,WORLDVIEW02,2.35255861282349,2011-05-29T17:29:25.433Z,28.4302768707275,0.585882604122162,143.603851318359,71.8531799316406,193.251083374023,joplin-tornado,wind,103001000A285500,1024,1024,1024,1024,MjY0NDEyMQ.lI3hjg2Gu4y6LsusSM4akkcOcF4,joplin-tornado_00000070_post_disaster.png,-94.52603127000127,37.053221857486534,POINT (-94.52603127000127 37.05322185748653),../input/xview2-challenge-dataset-tier-3-data/tier3/labels/joplin-tornado_00000070_post_disaster.json,40.41975308641975,11.823529411764707,1.0,20.67924528301887,2.0
WORLDVIEW02,WORLDVIEW02,2.35255861282349,2011-05-29T17:29:25.433Z,28.4302768707275,0.585882604122162,143.603851318359,71.8531799316406,193.251083374023,joplin-tornado,wind,103001000A285500,1024,1024,1024,1024,MjY0NDE3MA.u8hqoyyJoKLHFNIdwg0CAtKnWSw,joplin-tornado_00000094_post_disaster.png,-94.47593496844321,37.079532077611454,POINT (-94.47593496844321 37.07953207761145),../input/xview2-challenge-dataset-tier-3-data/tier3/labels/joplin-tornado_00000094_post_disaster.json,40.41975308641975,11.823529411764707,9.0,2.0,148.0
WORLDVIEW02,WORLDVIEW02,2.35255861282349,2011-05-29T17:29:25.433Z,28.4302768707275,0.585882604122162,143.603851318359,71.8531799316406,193.251083374023,joplin-tornado,wind,103001000A285500,1024,1024,1024,1024,MjY0NDEwOQ.op_CzmI0vHb5q8aYhS4sdPi-4i0,joplin-tornado_00000064_post_disaster.png,-94.45909847847621,37.0534741111069,POINT (-94.45909847847621 37.0534741111069),../input/xview2-challenge-dataset-tier-3-data/tier3/labels/joplin-tornado_00000064_post_disaster.json,40.41975308641975,11.823529411764707,5.466666666666667,20.67924528301887,6.0
WORLDVIEW02,WORLDVIEW02,2.35255861282349,2011-05-29T17:29:25.433Z,28.4302768707275,0.585882604122162,143.603851318359,71.8531799316406,193.251083374023,joplin-tornado,wind,103001000A285500,1024,1024,1024,1024,MjY0NDI1Ng._6DHta7NQRDLiWrKya92TXKzlAs,joplin-tornado_00000137_post_disaster.png,-94.55309345023365,37.063313593918835,POINT (-94.55309345023365 37.06331359391883),../input/xview2-challenge-dataset-tier-3-data/tier3/labels/joplin-tornado_00000137_post_disaster.json,40.41975308641975,1.0,3.0,9.0,68.0
WORLDVIEW02,WORLDVIEW02,2.35255861282349,2011-05-29T17:29:25.433Z,28.4302768707275,0.585882604122162,143.603851318359,71.8531799316406,193.251083374023,joplin-tornado,wind,103001000A285500,1024,1024,1024,1024,MjY0NDA5OQ.fj_kL9tnZIL3Zu8MkTRXXoNmG5M,joplin-tornado_00000059_post_disaster.png,-94.4703467055567,37.05607624919093,POINT (-94.47034670555669 37.05607624919093),../input/xview2-challenge-dataset-tier-3-data/tier3/labels/joplin-tornado_00000059_post_disaster.json,40.41975308641975,11.823529411764707,2.0,20.67924528301887,6.0
WORLDVIEW02,WORLDVIEW02,2.35255861282349,2011-05-29T17:29:25.433Z,28.4302768707275,0.585882604122162,143.603851318359,71.8531799316406,193.251083374023,joplin-tornado,wind,103001000A285500,1024,1024,1024,1024,MjY0NDE4MQ.L_liC3GZFz0UOuetIHxGpURn2sk,joplin-tornado_00000100_post_disaster.png,-94.49594691541728,37.08055451981188,POINT (-94.49594691541728 37.08055451981188),../input/xview2-challenge-dataset-tier-3-data/tier3/labels/joplin-tornado_00000100_post_disaster.json,40.41975308641975,11.823529411764707,1.0,20.67924528301887,126.0
WORLDVIEW02,WORLDVIEW02,2.35255861282349,2011-05-29T17:29:25.433Z,28.4302768707275,0.585882604122162,143.603851318359,71.8531799316406,193.251083374023,joplin-tornado,wind,103001000A285500,1024,1024,1024,1024,MjY0NDAzMw._SFuyPZP7me6PP-DqP81sK0WCBM,joplin-tornado_00000026_post_disaster.png,-94.49379054245438,37.06511959337781,,../input/xview2-challenge-dataset-tier-3-data/tier3/labels/joplin-tornado_00000026_post_disaster.json,40.41975308641975,11.823529411764707,5.466666666666667,20.67924528301887,60.925925925925924
WORLDVIEW02,WORLDVIEW02,2.35255861282349,2011-05-29T17:29:25.433Z,28.4302768707275,0.585882604122162,143.603851318359,71.8531799316406,193.251083374023,joplin-tornado,wind,103001000A285500,1024,1024,1024,1024,MjY0NDE4Ng.ry7pCnLu-k_j43wLACoVmpFWX-U,joplin-tornado_00000102_post_disaster.png,-94.48651442750531,37.08028461507885,POINT (-94.48651442750531 37.08028461507885),../input/xview2-challenge-dataset-tier-3-data/tier3/labels/joplin-tornado_00000102_post_disaster.json,40.41975308641975,11.823529411764707,5.466666666666667,20.67924528301887,140.0
WORLDVIEW02,WORLDVIEW02,2.35255861282349,2011-05-29T17:29:25.433Z,28.4302768707275,0.585882604122162,143.603851318359,71.8531799316406,193.251083374023,joplin-tornado,wind,103001000A285500,1024,1024,1024,1024,MjY0NDEwNw.rhgwJ7xEV1mjqFvUQNs3HbdNl1Y,joplin-tornado_00000063_post_disaster.png,-94.45960922646917,37.06753765440676,POINT (-94.45960922646917 37.06753765440676),../input/xview2-challenge-dataset-tier-3-data/tier3/labels/joplin-tornado_00000063_post_disaster.json,40.0,3.0,3.0,1.0,60.925925925925924
WORLDVIEW02,WORLDVIEW02,2.35255861282349,2011-05-29T17:29:25.433Z,28.4302768707275,0.585882604122162,143.603851318359,71.8531799316406,193.251083374023,joplin-tornado,wind,103001000A285500,1024,1024,1024,1024,MjY0NDA0Mw.OXXqNVVVd2CrUjp68uxho8erwok,joplin-tornado_00000031_post_disaster.png,-94.51157708129806,37.059358280720666,POINT (-94.51157708129806 37.05935828072067),../input/xview2-challenge-dataset-tier-3-data/tier3/labels/joplin-tornado_00000031_post_disaster.json,38.0,15.0,5.466666666666667,86.0,151.0
WORLDVIEW02,WORLDVIEW02,2.35255861282349,2011-05-29T17:29:25.433Z,28.4302768707275,0.585882604122162,143.603851318359,71.8531799316406,193.251083374023,joplin-tornado,wind,103001000A285500,1024,1024,1024,1024,MjY0NDIyMw.-gtqFHcJmb8EOPRba2sUEo1G-68,joplin-tornado_00000121_post_disaster.png,-94.43979817113205,37.06348068984413,POINT (-94.43979817113205 37.06348068984413),../input/xview2-challenge-dataset-tier-3-data/tier3/labels/joplin-tornado_00000121_post_disaster.json,37.0,10.0,6.0,18.0,10.0
WORLDVIEW02,WORLDVIEW02,2.35255861282349,2011-05-29T17:29:25.433Z,28.4302768707275,0.585882604122162,143.603851318359,71.8531799316406,193.251083374023,joplin-tornado,wind,103001000A285500,1024,1024,1024,1024,MjY0NDEyMw.fN3BMQQ7emtp-3yNtZ6nLCzg5M0,joplin-tornado_00000071_post_disaster.png,-94.45001777791668,37.06745101377767,POINT (-94.45001777791668 37.06745101377767),../input/xview2-challenge-dataset-tier-3-data/tier3/labels/joplin-tornado_00000071_post_disaster.json,36.0,5.0,4.0,20.67924528301887,1.0
WORLDVIEW02,WORLDVIEW02,2.35255861282349,2011-05-29T17:29:25.433Z,28.4302768707275,0.585882604122162,143.603851318359,71.8531799316406,193.251083374023,joplin-tornado,wind,103001000A285500,1024,1024,1024,1024,MjY0NDIxNQ.SzeCT-WKuJR8yP_QnlufxHNLeZg,joplin-tornado_00000117_post_disaster.png,-94.44988697308071,37.063842035768936,POINT (-94.44988697308071 37.06384203576894),../input/xview2-challenge-dataset-tier-3-data/tier3/labels/joplin-tornado_00000117_post_disaster.json,31.0,24.0,2.0,10.0,8.0
WORLDVIEW02,WORLDVIEW02,2.35255861282349,2011-05-29T17:29:25.433Z,28.4302768707275,0.585882604122162,143.603851318359,71.8531799316406,193.251083374023,joplin-tornado,wind,103001000A285500,1024,1024,1024,1024,MjY0NDAwNA.Onwja9RgtBM__iq5r_TuuRGiCcw,joplin-tornado_00000011_post_disaster.png,-94.55328321904877,37.05847772636494,POINT (-94.55328321904877 37.05847772636494),../input/xview2-challenge-dataset-tier-3-data/tier3/labels/joplin-tornado_00000011_post_disaster.json,29.0,30.0,2.0,18.0,8.0
WORLDVIEW02,WORLDVIEW02,2.35255861282349,2011-05-29T17:29:25.433Z,28.4302768707275,0.585882604122162,143.603851318359,71.8531799316406,193.251083374023,joplin-tornado,wind,103001000A285500,1024,1024,1024,1024,MjY0NDA5NQ.fYOrqhKlFzBV5L1h1bUG2h3MaBM,joplin-tornado_00000057_post_disaster.png,-94.46591991781794,37.06732418753801,POINT (-94.46591991781794 37.06732418753801),../input/xview2-challenge-dataset-tier-3-data/tier3/labels/joplin-tornado_00000057_post_disaster.json,24.0,11.823529411764707,2.0,20.67924528301887,60.925925925925924
WORLDVIEW02,WORLDVIEW02,2.35255861282349,2011-05-29T17:29:25.433Z,28.4302768707275,0.585882604122162,143.603851318359,71.8531799316406,193.251083374023,joplin-tornado,wind,103001000A285500,1024,1024,1024,1024,MjY0NDExNw.TJTZWgDs18BgVCuXkP0mZXJttrI,joplin-tornado_00000068_post_disaster.png,-94.45538131343393,37.067117545735286,POINT (-94.45538131343393 37.06711754573529),../input/xview2-challenge-dataset-tier-3-data/tier3/labels/joplin-tornado_00000068_post_disaster.json,23.0,7.0,2.0,2.0,60.925925925925924
WORLDVIEW02,WORLDVIEW02,2.35255861282349,2011-05-29T17:29:25.433Z,28.4302768707275,0.585882604122162,143.603851318359,71.8531799316406,193.251083374023,joplin-tornado,wind,103001000A285500,1024,1024,1024,1024,MjY0NDIxMw.9K8iyPcAaNzF7cp2IxwBmLfC-CQ,joplin-tornado_00000116_post_disaster.png,-94.52240156651068,37.06763687617995,POINT (-94.52240156651068 37.06763687617995),../input/xview2-challenge-dataset-tier-3-data/tier3/labels/joplin-tornado_00000116_post_disaster.json,23.0,19.0,8.0,87.0,155.0
WORLDVIEW02,WORLDVIEW02,2.35255861282349,2011-05-29T17:29:25.433Z,28.4302768707275,0.585882604122162,143.603851318359,71.8531799316406,193.251083374023,joplin-tornado,wind,103001000A285500,1024,1024,1024,1024,MjY0NDAzNQ.VLAdOUE5j7bOmyJZwyx3PDdaeHc,joplin-tornado_00000027_post_disaster.png,-94.51655615490242,37.05918085519651,POINT (-94.51655615490242 37.05918085519651),../input/xview2-challenge-dataset-tier-3-data/tier3/labels/joplin-tornado_00000027_post_disaster.json,23.0,20.0,6.0,76.0,85.0
WORLDVIEW02,WORLDVIEW02,2.35255861282349,2011-05-29T17:29:25.433Z,28.4302768707275,0.585882604122162,143.603851318359,71.8531799316406,193.251083374023,joplin-tornado,wind,103001000A285500,1024,1024,1024,1024,MjY0Mzk5OA.d-xFcgcev7oC4nC6s5xeCXa69ZI,joplin-tornado_00000008_post_disaster.png,-94.55740803681464,37.05874368488026,POINT (-94.55740803681464 37.05874368488026),../input/xview2-challenge-dataset-tier-3-data/tier3/labels/joplin-tornado_00000008_post_disaster.json,21.0,6.0,2.0,9.0,5.0
WORLDVIEW02,WORLDVIEW02,2.35255861282349,2011-05-29T17:29:25.433Z,28.4302768707275,0.585882604122162,143.603851318359,71.8531799316406,193.251083374023,joplin-tornado,wind,103001000A285500,1024,1024,1024,1024,MjY0NDIwOQ.4zsdGeZWq4rIoeuC4Cv7-VahBoA,joplin-tornado_00000114_post_disaster.png,-94.52761132246984,37.06747337806607,POINT (-94.52761132246984 37.06747337806607),../input/xview2-challenge-dataset-tier-3-data/tier3/labels/joplin-tornado_00000114_post_disaster.json,21.0,24.0,3.0,67.0,169.0
WORLDVIEW02,WORLDVIEW02,2.35255861282349,2011-05-29T17:29:25.433Z,28.4302768707275,0.585882604122162,143.603851318359,71.8531799316406,193.251083374023,joplin-tornado,wind,103001000A285500,1024,1024,1024,1024,MjY0NDE1MQ.rz8Pwq2WsSirVgm8ewb6O0670c4,joplin-tornado_00000085_post_disaster.png,-94.47597063818993,37.071120860618926,POINT (-94.47597063818993 37.07112086061893),../input/xview2-challenge-dataset-tier-3-data/tier3/labels/joplin-tornado_00000085_post_disaster.json,21.0,5.0,7.0,20.67924528301887,2.0
WORLDVIEW02,WORLDVIEW02,2.35255861282349,2011-05-29T17:29:25.433Z,28.4302768707275,0.585882604122162,143.603851318359,71.8531799316406,193.251083374023,joplin-tornado,wind,103001000A285500,1024,1024,1024,1024,MjY0NDAxNw.WYDnd8QdBI_paASdyfAAeq3xhww,joplin-tornado_00000018_post_disaster.png,-94.53720143092899,37.05914812089035,POINT (-94.53720143092899 37.05914812089035),../input/xview2-challenge-dataset-tier-3-data/tier3/labels/joplin-tornado_00000018_post_disaster.json,19.0,2.0,5.466666666666667,7.0,60.925925925925924
WORLDVIEW02,WORLDVIEW02,2.35255861282349,2011-05-29T17:29:25.433Z,28.4302768707275,0.585882604122162,143.603851318359,71.8531799316406,193.251083374023,joplin-tornado,wind,103001000A285500,1024,1024,1024,1024,MjY0NDE2Mg.nJll836SJAHf-WsNw5u9x9rFT8M,joplin-tornado_00000090_post_disaster.png,-94.46021807606112,37.071030044607106,POINT (-94.46021807606112 37.07103004460711),../input/xview2-challenge-dataset-tier-3-data/tier3/labels/joplin-tornado_00000090_post_disaster.json,18.0,12.0,5.0,15.0,14.0
WORLDVIEW02,WORLDVIEW02,2.35255861282349,2011-05-29T17:29:25.433Z,28.4302768707275,0.585882604122162,143.603851318359,71.8531799316406,193.251083374023,joplin-tornado,wind,103001000A285500,1024,1024,1024,1024,MjY0NDI0NA.CMgolWuOOD0DGKbju-TOHXJ2pf8,joplin-tornado_00000131_post_disaster.png,-94.48288683673957,37.06768959479427,POINT (-94.48288683673957 37.06768959479427),../input/xview2-challenge-dataset-tier-3-data/tier3/labels/joplin-tornado_00000131_post_disaster.json,17.0,8.0,1.0,10.0,60.925925925925924
WORLDVIEW02,WORLDVIEW02,2.35255861282349,2011-05-29T17:29:25.433Z,28.4302768707275,0.585882604122162,143.603851318359,71.8531799316406,193.251083374023,joplin-tornado,wind,103001000A285500,1024,1024,1024,1024,MjY0NDE1Ng.tNin-YPv6Obvjk4uiWuiecw3wwg,joplin-tornado_00000087_post_disaster.png,-94.47072358792823,37.071860799670176,POINT (-94.47072358792823 37.07186079967018),../input/xview2-challenge-dataset-tier-3-data/tier3/labels/joplin-tornado_00000087_post_disaster.json,16.0,16.0,3.0,1.0,60.925925925925924
WORLDVIEW02,WORLDVIEW02,2.35255861282349,2011-05-29T17:29:25.433Z,28.4302768707275,0.585882604122162,143.603851318359,71.8531799316406,193.251083374023,joplin-tornado,wind,103001000A285500,1024,1024,1024,1024,MjY0Mzk4Ng.5tAGgMbO2VX5UXpykOxlAetdyjA,joplin-tornado_00000002_post_disaster.png,-94.49666149295282,37.06341352887283,POINT (-94.49666149295282 37.06341352887283),../input/xview2-challenge-dataset-tier-3-data/tier3/labels/joplin-tornado_00000002_post_disaster.json,14.0,6.0,3.0,40.0,40.0
WORLDVIEW02,WORLDVIEW02,2.35255861282349,2011-05-29T17:29:25.433Z,28.4302768707275,0.585882604122162,143.603851318359,71.8531799316406,193.251083374023,joplin-tornado,wind,103001000A285500,1024,1024,1024,1024,MjY0Mzk5MQ.cD79_yzi1rCYRfL6s9W0_l8Ym3w,joplin-tornado_00000004_post_disaster.png,-94.48580168766782,37.063804013472804,POINT (-94.48580168766782 37.0638040134728),../input/xview2-challenge-dataset-tier-3-data/tier3/labels/joplin-tornado_00000004_post_disaster.json,13.0,5.0,8.0,91.0,139.0
WORLDVIEW02,WORLDVIEW02,2.35255861282349,2011-05-29T17:29:25.433Z,28.4302768707275,0.585882604122162,143.603851318359,71.8531799316406,193.251083374023,joplin-tornado,wind,103001000A285500,1024,1024,1024,1024,MjY0NDI1OQ.l8KN-w-biI9Qe0Vi4Otv5ybTgN8,joplin-tornado_00000139_post_disaster.png,-94.54769360806256,37.0634971288971,POINT (-94.54769360806256 37.0634971288971),../input/xview2-challenge-dataset-tier-3-data/tier3/labels/joplin-tornado_00000139_post_disaster.json,12.0,8.0,3.0,29.0,66.0
WORLDVIEW02,WORLDVIEW02,2.35255861282349,2011-05-29T17:29:25.433Z,28.4302768707275,0.585882604122162,143.603851318359,71.8531799316406,193.251083374023,joplin-tornado,wind,103001000A285500,1024,1024,1024,1024,MjY0NDA4MQ.u0vSVD-8VmUISGXqenH72KU_Ww8,joplin-tornado_00000050_post_disaster.png,-94.46967065331948,37.067896807105534,POINT (-94.46967065331948 37.06789680710553),../input/xview2-challenge-dataset-tier-3-data/tier3/labels/joplin-tornado_00000050_post_disaster.json,11.0,3.0,1.0,20.67924528301887,60.925925925925924
WORLDVIEW02,WORLDVIEW02,2.35255861282349,2011-05-29T17:29:25.433Z,28.4302768707275,0.585882604122162,143.603851318359,71.8531799316406,193.251083374023,joplin-tornado,wind,103001000A285500,1024,1024,1024,1024,MjY0NDE2OA.FzN5lYXeIq6SoX6dnZD078lKj-4,joplin-tornado_00000093_post_disaster.png,-94.45591692822674,37.07010256511889,POINT (-94.45591692822674 37.07010256511889),../input/xview2-challenge-dataset-tier-3-data/tier3/labels/joplin-tornado_00000093_post_disaster.json,10.0,6.0,5.466666666666667,3.0,1.0
WORLDVIEW02,WORLDVIEW02,2.35255861282349,2011-05-29T17:29:25.433Z,28.4302768707275,0.585882604122162,143.603851318359,71.8531799316406,193.251083374023,joplin-tornado,wind,103001000A285500,1024,1024,1024,1024,MjY0NDIxMQ.sAg2AfIQJ5BWwyBhaxwPZzKOKXo,joplin-tornado_00000115_post_disaster.png,-94.45507917875672,37.06379391497658,POINT (-94.45507917875672 37.06379391497658),../input/xview2-challenge-dataset-tier-3-data/tier3/labels/joplin-tornado_00000115_post_disaster.json,9.0,13.0,2.0,31.0,19.0
WORLDVIEW02,WORLDVIEW02,2.35255861282349,2011-05-29T17:29:25.433Z,28.4302768707275,0.585882604122162,143.603851318359,71.8531799316406,193.251083374023,joplin-tornado,wind,103001000A285500,1024,1024,1024,1024,MjY0NDA0Nw.SsdhWmX6Cez-PkdYd1eiEoMlNwE,joplin-tornado_00000033_post_disaster.png,-94.50654250376529,37.05937223486417,POINT (-94.50654250376529 37.05937223486417),../input/xview2-challenge-dataset-tier-3-data/tier3/labels/joplin-tornado_00000033_post_disaster.json,9.0,3.0,6.0,114.0,143.0
WORLDVIEW02,WORLDVIEW02,2.35255861282349,2011-05-29T17:29:25.433Z,28.4302768707275,0.585882604122162,143.603851318359,71.8531799316406,193.251083374023,joplin-tornado,wind,103001000A285500,1024,1024,1024,1024,MjY0NDIwMQ.9PeRu1f_WACvFeYKUXlbTwcBYeM,joplin-tornado_00000110_post_disaster.png,-94.53784572271553,37.067404522543065,POINT (-94.53784572271553 37.06740452254306),../input/xview2-challenge-dataset-tier-3-data/tier3/labels/joplin-tornado_00000110_post_disaster.json,9.0,12.0,16.0,42.0,135.0
WORLDVIEW02,WORLDVIEW02,2.35255861282349,2011-05-29T17:29:25.433Z,28.4302768707275,0.585882604122162,143.603851318359,71.8531799316406,193.251083374023,joplin-tornado,wind,103001000A285500,1024,1024,1024,1024,MjY0NDIwNQ.O8mcf4X541zEoKYwSR_v3c4IHJc,joplin-tornado_00000112_post_disaster.png,-94.53252873835692,37.06763847006825,POINT (-94.53252873835692 37.06763847006825),../input/xview2-challenge-dataset-tier-3-data/tier3/labels/joplin-tornado_00000112_post_disaster.json,8.0,27.0,7.0,60.0,123.0
WORLDVIEW02,WORLDVIEW02,2.35255861282349,2011-05-29T17:29:25.433Z,28.4302768707275,0.585882604122162,143.603851318359,71.8531799316406,193.251083374023,joplin-tornado,wind,103001000A285500,1024,1024,1024,1024,MjY0NDIwNw.lHbKnoBzXNrkJwhQsSxNY1y8JYo,joplin-tornado_00000113_post_disaster.png,-94.46023026060494,37.06305932086877,POINT (-94.46023026060494 37.06305932086877),../input/xview2-challenge-dataset-tier-3-data/tier3/labels/joplin-tornado_00000113_post_disaster.json,8.0,7.0,12.0,15.0,22.0
WORLDVIEW02,WORLDVIEW02,2.35255861282349,2011-05-29T17:29:25.433Z,28.4302768707275,0.585882604122162,143.603851318359,71.8531799316406,193.251083374023,joplin-tornado,wind,103001000A285500,1024,1024,1024,1024,MjY0NDA0MQ.yJEJKNSVpXB7O8Y1xRpiV8pFZl8,joplin-tornado_00000030_post_disaster.png,-94.43873371225824,37.06035994478169,POINT (-94.43873371225824 37.06035994478169),../input/xview2-challenge-dataset-tier-3-data/tier3/labels/joplin-tornado_00000030_post_disaster.json,8.0,6.0,2.0,1.0,10.0
WORLDVIEW02,WORLDVIEW02,2.35255861282349,2011-05-29T17:29:25.433Z,28.4302768707275,0.585882604122162,143.603851318359,71.8531799316406,193.251083374023,joplin-tornado,wind,103001000A285500,1024,1024,1024,1024,MjY0NDA1MQ.x7B7fljOPKgTrCMTLJQJiKPZ5IA,joplin-tornado_00000035_post_disaster.png,-94.50134340675362,37.05952348255257,POINT (-94.50134340675362 37.05952348255257),../input/xview2-challenge-dataset-tier-3-data/tier3/labels/joplin-tornado_00000035_post_disaster.json,8.0,1.0,5.0,43.0,119.0
WORLDVIEW02,WORLDVIEW02,2.35255861282349,2011-05-29T17:29:25.433Z,28.4302768707275,0.585882604122162,143.603851318359,71.8531799316406,193.251083374023,joplin-tornado,wind,103001000A285500,1024,1024,1024,1024,MjY0NDAyMQ.Z-4oPp_jjh_f9QQZ_R4G5ooW4Os,joplin-tornado_00000020_post_disaster.png,-94.53181701639427,37.059425471634846,POINT (-94.53181701639427 37.05942547163485),../input/xview2-challenge-dataset-tier-3-data/tier3/labels/joplin-tornado_00000020_post_disaster.json,7.0,17.0,3.0,19.0,2.0
WORLDVIEW02,WORLDVIEW02,2.35255861282349,2011-05-29T17:29:25.433Z,28.4302768707275,0.585882604122162,143.603851318359,71.8531799316406,193.251083374023,joplin-tornado,wind,103001000A285500,1024,1024,1024,1024,MjY0NDA3Mw.QxPoxnMbcUu6iCgw9QRx-uVftQ8,joplin-tornado_00000046_post_disaster.png,-94.50677126300123,37.07209402331581,POINT (-94.50677126300123 37.07209402331581),../input/xview2-challenge-dataset-tier-3-data/tier3/labels/joplin-tornado_00000046_post_disaster.json,6.0,7.0,10.0,60.0,162.0
WORLDVIEW02,WORLDVIEW02,2.35255861282349,2011-05-29T17:29:25.433Z,28.4302768707275,0.585882604122162,143.603851318359,71.8531799316406,193.251083374023,joplin-tornado,wind,103001000A285500,1024,1024,1024,1024,MjY0NDA2Mw.RoqJcTrkUiUemd9rjmw1evuJ2EE,joplin-tornado_00000041_post_disaster.png,-94.47613733606356,37.075491152558925,POINT (-94.47613733606356 37.07549115255893),../input/xview2-challenge-dataset-tier-3-data/tier3/labels/joplin-tornado_00000041_post_disaster.json,6.0,5.0,7.0,3.0,37.0
WORLDVIEW02,WORLDVIEW02,2.35255861282349,2011-05-29T17:29:25.433Z,28.4302768707275,0.585882604122162,143.603851318359,71.8531799316406,193.251083374023,joplin-tornado,wind,103001000A285500,1024,1024,1024,1024,MjY0NDA3NQ.mYQnTFOYIZ3rxOw_4pgUzcscTxk,joplin-tornado_00000047_post_disaster.png,-94.47565092380343,37.067722210833324,POINT (-94.47565092380343 37.06772221083332),../input/xview2-challenge-dataset-tier-3-data/tier3/labels/joplin-tornado_00000047_post_disaster.json,6.0,3.0,2.0,20.67924528301887,6.0
WORLDVIEW02,WORLDVIEW02,2.35255861282349,2011-05-29T17:29:25.433Z,28.4302768707275,0.585882604122162,143.603851318359,71.8531799316406,193.251083374023,joplin-tornado,wind,103001000A285500,1024,1024,1024,1024,MjY0NDE3Mw.po4VvNz-gaG5cDX-8ztKYtQQXoc,joplin-tornado_00000096_post_disaster.png,-94.44940092632037,37.069913567684104,POINT (-94.44940092632037 37.0699135676841),../input/xview2-challenge-dataset-tier-3-data/tier3/labels/joplin-tornado_00000096_post_disaster.json,6.0,1.0,3.0,3.0,7.0
WORLDVIEW02,WORLDVIEW02,2.35255861282349,2011-05-29T17:29:25.433Z,28.4302768707275,0.585882604122162,143.603851318359,71.8531799316406,193.251083374023,joplin-tornado,wind,103001000A285500,1024,1024,1024,1024,MjY0NDE3MQ.B-XiDwjwz_EDetPH42jbRdMOs60,joplin-tornado_00000095_post_disaster.png,-94.48265909392151,37.072006288867186,POINT (-94.48265909392151 37.07200628886719),../input/xview2-challenge-dataset-tier-3-data/tier3/labels/joplin-tornado_00000095_post_disaster.json,6.0,4.0,5.466666666666667,3.0,6.0
WORLDVIEW02,WORLDVIEW02,2.35255861282349,2011-05-29T17:29:25.433Z,28.4302768707275,0.585882604122162,143.603851318359,71.8531799316406,193.251083374023,joplin-tornado,wind,103001000A285500,1024,1024,1024,1024,MjY0NDEzNw.1iLicUmu7Hw5OMX23F_ALFFrGLI,joplin-tornado_00000078_post_disaster.png,-94.43961805688839,37.06756308870814,POINT (-94.43961805688839 37.06756308870814),../input/xview2-challenge-dataset-tier-3-data/tier3/labels/joplin-tornado_00000078_post_disaster.json,5.0,1.0,9.0,19.0,66.0
WORLDVIEW02,WORLDVIEW02,2.35255861282349,2011-05-29T17:29:25.433Z,28.4302768707275,0.585882604122162,143.603851318359,71.8531799316406,193.251083374023,joplin-tornado,wind,103001000A285500,1024,1024,1024,1024,MjY0Mzk4OA.wLq0xXQMrfvyi_AjmwAeKlUazU8,joplin-tornado_00000003_post_disaster.png,-94.49120035147921,37.064092514931986,POINT (-94.49120035147921 37.06409251493199),../input/xview2-challenge-dataset-tier-3-data/tier3/labels/joplin-tornado_00000003_post_disaster.json,5.0,10.0,5.0,67.0,76.0
WORLDVIEW02,WORLDVIEW02,2.35255861282349,2011-05-29T17:29:25.433Z,28.4302768707275,0.585882604122162,143.603851318359,71.8531799316406,193.251083374023,joplin-tornado,wind,103001000A285500,1024,1024,1024,1024,MjY0NDAyNQ.t6t5D7Ii_nEfgRZanV8DXgBT3jI,joplin-tornado_00000022_post_disaster.png,-94.52757180945264,37.060179580242746,POINT (-94.52757180945264 37.06017958024275),../input/xview2-challenge-dataset-tier-3-data/tier3/labels/joplin-tornado_00000022_post_disaster.json,4.0,2.0,2.0,20.67924528301887,60.925925925925924
WORLDVIEW02,WORLDVIEW02,2.35255861282349,2011-05-29T17:29:25.433Z,28.4302768707275,0.585882604122162,143.603851318359,71.8531799316406,193.251083374023,joplin-tornado,wind,103001000A285500,1024,1024,1024,1024,MjY0NDA1NQ.r28a-AVac0U-IS1Ws90R-H8FNnE,joplin-tornado_00000037_post_disaster.png,-94.48039226834928,37.07521186782754,POINT (-94.48039226834928 37.07521186782754),../input/xview2-challenge-dataset-tier-3-data/tier3/labels/joplin-tornado_00000037_post_disaster.json,4.0,3.0,21.0,29.0,88.0
WORLDVIEW02,WORLDVIEW02,2.35255861282349,2011-05-29T17:29:25.433Z,28.4302768707275,0.585882604122162,143.603851318359,71.8531799316406,193.251083374023,joplin-tornado,wind,103001000A285500,1024,1024,1024,1024,MjY0NDI1Mg.KdiMlvupEKQdaurranLV9heAhwQ,joplin-tornado_00000135_post_disaster.png,-94.5577931472288,37.063366501089995,POINT (-94.55779314722879 37.06336650108999),../input/xview2-challenge-dataset-tier-3-data/tier3/labels/joplin-tornado_00000135_post_disaster.json,4.0,11.823529411764707,5.466666666666667,20.67924528301887,45.0
WORLDVIEW02,WORLDVIEW02,2.35255861282349,2011-05-29T17:29:25.433Z,28.4302768707275,0.585882604122162,143.603851318359,71.8531799316406,193.251083374023,joplin-tornado,wind,103001000A285500,1024,1024,1024,1024,MjY0NDEwNQ.6ViEUJMX6yleXiRXcHYxGiq2Rto,joplin-tornado_00000062_post_disaster.png,-94.54300775724049,37.055405365902,POINT (-94.54300775724049 37.055405365902),../input/xview2-challenge-dataset-tier-3-data/tier3/labels/joplin-tornado_00000062_post_disaster.json,3.0,4.0,2.0,24.0,16.0
WORLDVIEW02,WORLDVIEW02,2.35255861282349,2011-05-29T17:29:25.433Z,28.4302768707275,0.585882604122162,143.603851318359,71.8531799316406,193.251083374023,joplin-tornado,wind,103001000A285500,1024,1024,1024,1024,MjY0NDA0NQ.jr_h8QJRq5bT2M_Z1uhdxg7q5CE,joplin-tornado_00000032_post_disaster.png,-94.43614146538587,37.06054579905863,POINT (-94.43614146538587 37.06054579905863),../input/xview2-challenge-dataset-tier-3-data/tier3/labels/joplin-tornado_00000032_post_disaster.json,3.0,3.0,2.0,3.0,1.0
WORLDVIEW02,WORLDVIEW02,2.35255861282349,2011-05-29T17:29:25.433Z,28.4302768707275,0.585882604122162,143.603851318359,71.8531799316406,193.251083374023,joplin-tornado,wind,103001000A285500,1024,1024,1024,1024,MjY0NDI1MA.DJD-Ad0n2gO7ul9i1YyikO3CpbA,joplin-tornado_00000134_post_disaster.png,-94.49718834154262,37.07592554343165,POINT (-94.49718834154262 37.07592554343165),../input/xview2-challenge-dataset-tier-3-data/tier3/labels/joplin-tornado_00000134_post_disaster.json,3.0,11.823529411764707,4.0,12.0,76.0
WORLDVIEW02,WORLDVIEW02,2.35255861282349,2011-05-29T17:29:25.433Z,28.4302768707275,0.585882604122162,143.603851318359,71.8531799316406,193.251083374023,joplin-tornado,wind,103001000A285500,1024,1024,1024,1024,MjY0NDA4NQ.gorMs-UBLBkhDaDMdwUeuVRgywY,joplin-tornado_00000052_post_disaster.png,-94.55787646602975,37.05453167147557,POINT (-94.55787646602975 37.05453167147557),../input/xview2-challenge-dataset-tier-3-data/tier3/labels/joplin-tornado_00000052_post_disaster.json,2.0,1.0,5.466666666666667,5.0,24.0
WORLDVIEW02,WORLDVIEW02,2.35255861282349,2011-05-29T17:29:25.433Z,28.4302768707275,0.585882604122162,143.603851318359,71.8531799316406,193.251083374023,joplin-tornado,wind,103001000A285500,1024,1024,1024,1024,MjY0NDE3OQ.CZBS2TZHhhEXX9O5h8U5DdeTRRo,joplin-tornado_00000099_post_disaster.png,-94.44581759107926,37.071579788284694,POINT (-94.44581759107926 37.07157978828469),../input/xview2-challenge-dataset-tier-3-data/tier3/labels/joplin-tornado_00000099_post_disaster.json,2.0,1.0,3.0,3.0,16.0
WORLDVIEW02,WORLDVIEW02,2.35255861282349,2011-05-29T17:29:25.433Z,28.4302768707275,0.585882604122162,143.603851318359,71.8531799316406,193.251083374023,joplin-tornado,wind,103001000A285500,1024,1024,1024,1024,MjY0NDIwMw.EtV4SGU46ZbAZl378E_eEVD1H6Q,joplin-tornado_00000111_post_disaster.png,-94.46476671269659,37.06253314281609,POINT (-94.46476671269659 37.06253314281609),../input/xview2-challenge-dataset-tier-3-data/tier3/labels/joplin-tornado_00000111_post_disaster.json,2.0,1.0,1.0,2.0,10.0
WORLDVIEW02,WORLDVIEW02,2.35255861282349,2011-05-29T17:29:25.433Z,28.4302768707275,0.585882604122162,143.603851318359,71.8531799316406,193.251083374023,joplin-tornado,wind,103001000A285500,1024,1024,1024,1024,MjY0NDA1OQ.k4FOm5Ir_vHkVZqQAMjH6isuxOE,joplin-tornado_00000039_post_disaster.png,-94.5122991488454,37.07206650892294,POINT (-94.5122991488454 37.07206650892294),../input/xview2-challenge-dataset-tier-3-data/tier3/labels/joplin-tornado_00000039_post_disaster.json,2.0,3.0,21.0,36.0,224.0
WORLDVIEW02,WORLDVIEW02,2.35255861282349,2011-05-29T17:29:25.433Z,28.4302768707275,0.585882604122162,143.603851318359,71.8531799316406,193.251083374023,joplin-tornado,wind,103001000A285500,1024,1024,1024,1024,MjY0NDE4OQ.Qz24ilHRFrtta9FVqZZBWot9YQo,joplin-tornado_00000104_post_disaster.png,-94.48049088367186,37.062700553472524,POINT (-94.48049088367186 37.06270055347252),../input/xview2-challenge-dataset-tier-3-data/tier3/labels/joplin-tornado_00000104_post_disaster.json,1.0,5.0,1.0,14.0,30.0
WORLDVIEW02,WORLDVIEW02,2.35255861282349,2011-05-29T17:29:25.433Z,28.4302768707275,0.585882604122162,143.603851318359,71.8531799316406,193.251083374023,joplin-tornado,wind,103001000A285500,1024,1024,1024,1024,MjY0NDA4Nw.jFLc454uXxvvPG3rZF3XOmdjEG4,joplin-tornado_00000053_post_disaster.png,-94.4552639955748,37.07527093539246,POINT (-94.4552639955748 37.07527093539246),../input/xview2-challenge-dataset-tier-3-data/tier3/labels/joplin-tornado_00000053_post_disaster.json,1.0,2.0,7.0,14.0,64.0
WORLDVIEW02,WORLDVIEW02,2.35255861282349,2011-05-29T17:29:25.433Z,28.4302768707275,0.585882604122162,143.603851318359,71.8531799316406,193.251083374023,joplin-tornado,wind,103001000A285500,1024,1024,1024,1024,MjY0NDA3OQ.4g3Mz54c_ptkq3FNpykF4vbAX-Q,joplin-tornado_00000049_post_disaster.png,-94.4600277978185,37.07554088846828,POINT (-94.4600277978185 37.07554088846828),../input/xview2-challenge-dataset-tier-3-data/tier3/labels/joplin-tornado_00000049_post_disaster.json,1.0,1.0,11.0,6.0,64.0
WORLDVIEW02,WORLDVIEW02,2.35255861282349,2011-05-29T17:29:25.433Z,28.4302768707275,0.585882604122162,143.603851318359,71.8531799316406,193.251083374023,joplin-tornado,wind,103001000A285500,1024,1024,1024,1024,MjY0NDA5Nw.r1wXTSRnlFBVpoLJptqkf7YMg0k,joplin-tornado_00000058_post_disaster.png,-94.54797653219843,37.05539457374267,POINT (-94.54797653219843 37.05539457374267),../input/xview2-challenge-dataset-tier-3-data/tier3/labels/joplin-tornado_00000058_post_disaster.json,1.0,3.0,2.0,9.0,9.0
WORLDVIEW02,WORLDVIEW02,2.35255861282349,2011-05-29T17:29:25.433Z,28.4302768707275,0.585882604122162,143.603851318359,71.8531799316406,193.251083374023,joplin-tornado,wind,103001000A285500,1024,1024,1024,1024,MjY0NDI1NA.ocP0onQjzMveTiwF1dbCX7JcuCo,joplin-tornado_00000136_post_disaster.png,-94.49102048174194,37.07697424236541,POINT (-94.49102048174194 37.07697424236541),../input/xview2-challenge-dataset-tier-3-data/tier3/labels/joplin-tornado_00000136_post_disaster.json,1.0,2.0,2.0,3.0,49.0
WORLDVIEW02,WORLDVIEW02,2.35255861282349,2011-05-29T17:29:25.433Z,28.4302768707275,0.585882604122162,143.603851318359,71.8531799316406,193.251083374023,joplin-tornado,wind,103001000A285500,1024,1024,1024,1024,MjY0NDE5Nw.8UFESrJpTeC3DaopkKIwXEry8lI,joplin-tornado_00000108_post_disaster.png,-94.5424791912443,37.06713983309327,POINT (-94.5424791912443 37.06713983309327),../input/xview2-challenge-dataset-tier-3-data/tier3/labels/joplin-tornado_00000108_post_disaster.json,1.0,1.0,2.0,17.0,46.0
WORLDVIEW02,WORLDVIEW02,2.35255861282349,2011-05-29T17:29:25.433Z,28.4302768707275,0.585882604122162,143.603851318359,71.8531799316406,193.251083374023,joplin-tornado,wind,103001000A285500,1024,1024,1024,1024,MjY0NDEyOA.T4twy4hSzvlLznwas2GPjehpEgU,joplin-tornado_00000073_post_disaster.png,-94.52173800381549,37.05527099954622,POINT (-94.52173800381549 37.05527099954622),../input/xview2-challenge-dataset-tier-3-data/tier3/labels/joplin-tornado_00000073_post_disaster.json,1.0,3.0,7.0,22.0,66.0
